record_id,dimension_id,group,field_name,question,evidence_state,observed_fact,evidence_url,evidence_type,observed_at,region,access_mode,confidence,actor,input,output,page_module,entity,event,state,error_exception,document,personal_data,risk,handoff,inference,gap_reason,next_method,product_implication,metric_name,metric_value,metric_unit,metric_currency,metric_period,metric_territory,metric_classification,metric_method,metric_publisher,source_title,source_publication_date
D00.1,D00,D00 Positioning,positioning_audience_geography,"What is the platform position, audience, geography, category breadth and proposition?",observed,Alibaba.com is described in current Terms as a wholesale-only B2B marketplace for suppliers and professional resellers; Buyer Central presents global sourcing from discovery through delivery.,https://rulechannel.alibaba.com/icbu?type=detail&ruleId=2041&cId=1307#/rule/detail?ruleId=2041&cId=1307,official-policy,2026-08-24,Amsterdam/NL sandbox; guest mode; delivery context observed as US on homepage/PDP,"guest; no account, message, RFQ, order or payment submitted",high,platform; buyer; seller,Capability-specific user intent or prerequisite described by the dimension question.,Alibaba.com is described in current Terms as a wholesale-only B2B marketplace for suppliers and professional resellers; Buyer Central presents global sourcing from discovery through delivery.,https://rulechannel.alibaba.com/icbu?type=detail&ruleId=2041&cId=1307#/rule/detail?ruleId=2041&cId=1307,Positioning Audience Geography,positioning_audience_geography.evaluated,guest/public evidence -> capability recorded,"Authenticated, regional, transactional and edge-case behavior not exercised unless explicitly stated.",Observed document/policy/order artifact where stated; otherwise no document submitted or generated.,No personal data submitted; public pages may display supplier/user content and policies describe account/transaction data.,Do not generalize a sampled listing or publisher claim beyond its stated scope; region and account state may change behavior.,UX; PM; SEO,Capability implication is limited to the cited public evidence and access mode.,,,"Preserve this capability as a stateful, evidence-linked record; keep unknown/auth-only behavior explicit.",countries and regions claimed,190+,countries and regions,not applicable,current Buyer Central snapshot,global platform,market coverage claim,"publisher-stated, not independently audited",Alibaba.com,Alibaba Buyer Central,publication date not stated
D01.1,D01,D01-D10 Discovery,home_page,What does the guest homepage expose?,observed,"Guest homepage exposes destination, language/currency, cart, sign-in/create-account, category navigation and product discovery.",https://www.alibaba.com/,direct-public-page,2026-08-24,Amsterdam/NL sandbox; guest mode; delivery context observed as US on homepage/PDP,"guest; no account, message, RFQ, order or payment submitted",high,guest buyer,Capability-specific user intent or prerequisite described by the dimension question.,"Guest homepage exposes destination, language/currency, cart, sign-in/create-account, category navigation and product discovery.",https://www.alibaba.com/,Home Page,home_page.evaluated,guest/public evidence -> capability recorded,"Authenticated, regional, transactional and edge-case behavior not exercised unless explicitly stated.",Observed document/policy/order artifact where stated; otherwise no document submitted or generated.,No personal data submitted; public pages may display supplier/user content and policies describe account/transaction data.,Do not generalize a sampled listing or publisher claim beyond its stated scope; region and account state may change behavior.,UX; PM; SEO,Capability implication is limited to the cited public evidence and access mode.,,,"Preserve this capability as a stateful, evidence-linked record; keep unknown/auth-only behavior explicit.",,,,,,,,,,,
D02.1,D02,D01-D10 Discovery,global_navigation,Are core destinations visible?,observed,"Guest navigation includes categories, country/delivery context, language/currency, cart and account entry.",https://www.alibaba.com/,direct-public-page,2026-08-24,Amsterdam/NL sandbox; guest mode; delivery context observed as US on homepage/PDP,"guest; no account, message, RFQ, order or payment submitted",high,guest buyer,Capability-specific user intent or prerequisite described by the dimension question.,"Guest navigation includes categories, country/delivery context, language/currency, cart and account entry.",https://www.alibaba.com/,Global Navigation,global_navigation.evaluated,guest/public evidence -> capability recorded,"Authenticated, regional, transactional and edge-case behavior not exercised unless explicitly stated.",Observed document/policy/order artifact where stated; otherwise no document submitted or generated.,No personal data submitted; public pages may display supplier/user content and policies describe account/transaction data.,Do not generalize a sampled listing or publisher claim beyond its stated scope; region and account state may change behavior.,UX; PM; SEO,Capability implication is limited to the cited public evidence and access mode.,,,"Preserve this capability as a stateful, evidence-linked record; keep unknown/auth-only behavior explicit.",,,,,,,,,,,
D03.1,D03,D01-D10 Discovery,search_entry,What search scopes and input constraints are visible?,observed,Homepage exposes category/search discovery; Buyer guide instructs use of product or seller keywords.,https://buyer.alibaba.com/page/HowItWorks/Page.html,direct-public-page,2026-08-24,Amsterdam/NL sandbox; guest mode; delivery context observed as US on homepage/PDP,"guest; no account, message, RFQ, order or payment submitted",high,guest buyer,Capability-specific user intent or prerequisite described by the dimension question.,Homepage exposes category/search discovery; Buyer guide instructs use of product or seller keywords.,https://buyer.alibaba.com/page/HowItWorks/Page.html,Search Entry,search_entry.evaluated,guest/public evidence -> capability recorded,"Authenticated, regional, transactional and edge-case behavior not exercised unless explicitly stated.",Observed document/policy/order artifact where stated; otherwise no document submitted or generated.,No personal data submitted; public pages may display supplier/user content and policies describe account/transaction data.,Do not generalize a sampled listing or publisher claim beyond its stated scope; region and account state may change behavior.,UX; PM; SEO,Capability implication is limited to the cited public evidence and access mode.,,,"Preserve this capability as a stateful, evidence-linked record; keep unknown/auth-only behavior explicit.",,,,,,,,,,,
D04.1,D04,D01-D10 Discovery,search_results,What result layout and count appear for a reproducible query?,observed-not-found,A reproducible live keyword results page was not queried in this run.,https://www.alibaba.com/,direct-public-page,2026-08-24,Amsterdam/NL sandbox; guest mode; delivery context observed as US on homepage/PDP,"guest; no account, message, RFQ, order or payment submitted",medium,guest buyer,Capability-specific user intent or prerequisite described by the dimension question.,A reproducible live keyword results page was not queried in this run.,https://www.alibaba.com/,Search Results,search_results.evaluated,guest/public evidence -> observed-not-found,Terms prohibit systematic retrieval and no manual browser session was available.,Observed document/policy/order artifact where stated; otherwise no document submitted or generated.,No personal data submitted; public pages may display supplier/user content and policies describe account/transaction data.,Do not generalize a sampled listing or publisher claim beyond its stated scope; region and account state may change behavior.,UX; PM; SEO,Capability implication is limited to the cited public evidence and access mode.,Terms prohibit systematic retrieval and no manual browser session was available.,"In an authorized manual dossier run, record query, filters, result count and timestamp.","Preserve this capability as a stateful, evidence-linked record; keep unknown/auth-only behavior explicit.",,,,,,,,,,,
D05.1,D05,D01-D10 Discovery,category_taxonomy,Is a category hierarchy visible?,observed,"Homepage exposes broad category families; Buyer Central claims 5,900+ product categories.",https://buyer.alibaba.com/,direct-public-page,2026-08-24,Amsterdam/NL sandbox; guest mode; delivery context observed as US on homepage/PDP,"guest; no account, message, RFQ, order or payment submitted",medium,guest buyer,Capability-specific user intent or prerequisite described by the dimension question.,"Homepage exposes broad category families; Buyer Central claims 5,900+ product categories.",https://buyer.alibaba.com/,Category Taxonomy,category_taxonomy.evaluated,guest/public evidence -> capability recorded,"Authenticated, regional, transactional and edge-case behavior not exercised unless explicitly stated.",Observed document/policy/order artifact where stated; otherwise no document submitted or generated.,No personal data submitted; public pages may display supplier/user content and policies describe account/transaction data.,Do not generalize a sampled listing or publisher claim beyond its stated scope; region and account state may change behavior.,UX; PM; SEO,Capability implication is limited to the cited public evidence and access mode.,,,"Preserve this capability as a stateful, evidence-linked record; keep unknown/auth-only behavior explicit.",product categories claimed,5900,categories,not applicable,current Buyer Central snapshot,global platform,Alibaba category taxonomy,publisher-stated value; no independent recount,Alibaba.com,Alibaba Buyer Central,publication date not stated
D06.1,D06,D01-D10 Discovery,filters,Are filters evidenced?,observed,Official buyer guide documents narrowing search and a Trade Assurance filter; certification filtering specifics were not exhaustively tested.,https://buyer.alibaba.com/page/HowItWorks/Page.html,direct-public-page,2026-08-24,Amsterdam/NL sandbox; guest mode; delivery context observed as US on homepage/PDP,"guest; no account, message, RFQ, order or payment submitted",high,guest buyer,Capability-specific user intent or prerequisite described by the dimension question.,Official buyer guide documents narrowing search and a Trade Assurance filter; certification filtering specifics were not exhaustively tested.,https://buyer.alibaba.com/page/HowItWorks/Page.html,Filters,filters.evaluated,guest/public evidence -> capability recorded,"Authenticated, regional, transactional and edge-case behavior not exercised unless explicitly stated.",Observed document/policy/order artifact where stated; otherwise no document submitted or generated.,No personal data submitted; public pages may display supplier/user content and policies describe account/transaction data.,Do not generalize a sampled listing or publisher claim beyond its stated scope; region and account state may change behavior.,UX; PM; SEO,Capability implication is limited to the cited public evidence and access mode.,,,"Preserve this capability as a stateful, evidence-linked record; keep unknown/auth-only behavior explicit.",,,,,,,,,,,
D07.1,D07,D01-D10 Discovery,sorting,Which sort controls and defaults exist?,observed,Sample product review module exposes “Most relevant” sorting; search-result sort defaults were not observed.,https://www.alibaba.com/product-detail/STARLII-Low-Moq-Small-Mini-Beer_1601254764933.html,direct-public-page,2026-08-24,Amsterdam/NL sandbox; guest mode; delivery context observed as US on homepage/PDP,"guest; no account, message, RFQ, order or payment submitted",medium,guest buyer,Capability-specific user intent or prerequisite described by the dimension question.,Sample product review module exposes “Most relevant” sorting; search-result sort defaults were not observed.,https://www.alibaba.com/product-detail/STARLII-Low-Moq-Small-Mini-Beer_1601254764933.html,Sorting,sorting.evaluated,guest/public evidence -> capability recorded,"Authenticated, regional, transactional and edge-case behavior not exercised unless explicitly stated.",Observed document/policy/order artifact where stated; otherwise no document submitted or generated.,No personal data submitted; public pages may display supplier/user content and policies describe account/transaction data.,Do not generalize a sampled listing or publisher claim beyond its stated scope; region and account state may change behavior.,UX; PM; SEO,Capability implication is limited to the cited public evidence and access mode.,,,"Preserve this capability as a stateful, evidence-linked record; keep unknown/auth-only behavior explicit.",,,,,,,,,,,
D08.1,D08,D01-D10 Discovery,listing_card,What appears on a guest product card?,observed,Homepage/category cards expose product imagery and links; guide documents badges and supplier assessment cues.,https://www.alibaba.com/,direct-public-page,2026-08-24,Amsterdam/NL sandbox; guest mode; delivery context observed as US on homepage/PDP,"guest; no account, message, RFQ, order or payment submitted",high,guest buyer,Capability-specific user intent or prerequisite described by the dimension question.,Homepage/category cards expose product imagery and links; guide documents badges and supplier assessment cues.,https://www.alibaba.com/,Listing Card,listing_card.evaluated,guest/public evidence -> capability recorded,"Authenticated, regional, transactional and edge-case behavior not exercised unless explicitly stated.",Observed document/policy/order artifact where stated; otherwise no document submitted or generated.,No personal data submitted; public pages may display supplier/user content and policies describe account/transaction data.,Do not generalize a sampled listing or publisher claim beyond its stated scope; region and account state may change behavior.,UX; PM; SEO,Capability implication is limited to the cited public evidence and access mode.,,,"Preserve this capability as a stateful, evidence-linked record; keep unknown/auth-only behavior explicit.",,,,,,,,,,,
D09.1,D09,D01-D10 Discovery,product_detail,Which product fields/actions appear?,observed,"Sample PDP shows supplier metrics, price range, MOQ, sample CTA, variants, shipping quote, delivery estimate, protection, payment, attributes, lead time and reviews.",https://www.alibaba.com/product-detail/STARLII-Low-Moq-Small-Mini-Beer_1601254764933.html,direct-public-page,2026-08-24,Amsterdam/NL sandbox; guest mode; delivery context observed as US on homepage/PDP,"guest; no account, message, RFQ, order or payment submitted",high,guest buyer,Capability-specific user intent or prerequisite described by the dimension question.,"Sample PDP shows supplier metrics, price range, MOQ, sample CTA, variants, shipping quote, delivery estimate, protection, payment, attributes, lead time and reviews.",https://www.alibaba.com/product-detail/STARLII-Low-Moq-Small-Mini-Beer_1601254764933.html,Product Detail,product_detail.evaluated,guest/public evidence -> capability recorded,"Authenticated, regional, transactional and edge-case behavior not exercised unless explicitly stated.",Observed document/policy/order artifact where stated; otherwise no document submitted or generated.,No personal data submitted; public pages may display supplier/user content and policies describe account/transaction data.,Do not generalize a sampled listing or publisher claim beyond its stated scope; region and account state may change behavior.,UX; PM; SEO,Capability implication is limited to the cited public evidence and access mode.,,,"Preserve this capability as a stateful, evidence-linked record; keep unknown/auth-only behavior explicit.",sample PDP lower unit price,0.38,USD per piece,USD,snapshot 2026-08-24,delivery context US; supplier China,sample product listing,direct transcription without rounding,"Fuqing Starlii Cooperation Co., Ltd. via Alibaba.com",STARLII Low MOQ mini beer mug,listing dynamic; access 2026-08-24
D10.1,D10,D01-D10 Discovery,supplier_detail,Which supplier fields/actions appear?,observed,"Sample PDP links supplier storefront and shows location, tenure, rating, response time, dispatch and reorder metrics; full company-profile tabs were not opened.",https://www.alibaba.com/product-detail/STARLII-Low-Moq-Small-Mini-Beer_1601254764933.html,direct-public-page,2026-08-24,Amsterdam/NL sandbox; guest mode; delivery context observed as US on homepage/PDP,"guest; no account, message, RFQ, order or payment submitted",medium,guest buyer,Capability-specific user intent or prerequisite described by the dimension question.,"Sample PDP links supplier storefront and shows location, tenure, rating, response time, dispatch and reorder metrics; full company-profile tabs were not opened.",https://www.alibaba.com/product-detail/STARLII-Low-Moq-Small-Mini-Beer_1601254764933.html,Supplier Detail,supplier_detail.evaluated,guest/public evidence -> capability recorded,"Authenticated, regional, transactional and edge-case behavior not exercised unless explicitly stated.",Observed document/policy/order artifact where stated; otherwise no document submitted or generated.,No personal data submitted; public pages may display supplier/user content and policies describe account/transaction data.,Do not generalize a sampled listing or publisher claim beyond its stated scope; region and account state may change behavior.,UX; PM; SEO,Capability implication is limited to the cited public evidence and access mode.,,,"Preserve this capability as a stateful, evidence-linked record; keep unknown/auth-only behavior explicit.",,,,,,,,,,,
D11.1,D11,D11-D20 Identity,registration_entry,Is registration entry visible?,observed,Homepage provides Create account and Sign in entry points.,https://www.alibaba.com/,direct-public-page,2026-08-24,Amsterdam/NL sandbox; guest mode; delivery context observed as US on homepage/PDP,"guest; no account, message, RFQ, order or payment submitted",high,registrant or member,Capability-specific user intent or prerequisite described by the dimension question.,Homepage provides Create account and Sign in entry points.,https://www.alibaba.com/,Registration Entry,registration_entry.evaluated,guest/public evidence -> capability recorded,"Authenticated, regional, transactional and edge-case behavior not exercised unless explicitly stated.",Observed document/policy/order artifact where stated; otherwise no document submitted or generated.,No personal data submitted; public pages may display supplier/user content and policies describe account/transaction data.,Do not generalize a sampled listing or publisher claim beyond its stated scope; region and account state may change behavior.,SEC; CMP; UX,Capability implication is limited to the cited public evidence and access mode.,,,"Preserve this capability as a stateful, evidence-linked record; keep unknown/auth-only behavior explicit.",,,,,,,,,,,
D12.1,D12,D11-D20 Identity,buyer_registration,What buyer registration inputs are documented?,observed,"Buyer membership/account exists, but exact guest buyer registration fields were not traversed.",https://rulechannel.alibaba.com/icbu?type=detail&ruleId=2041&cId=1307#/rule/detail?ruleId=2041&cId=1307,official-policy,2026-08-24,Amsterdam/NL sandbox; guest mode; delivery context observed as US on homepage/PDP,"guest; no account, message, RFQ, order or payment submitted",medium,registrant or member,Capability-specific user intent or prerequisite described by the dimension question.,"Buyer membership/account exists, but exact guest buyer registration fields were not traversed.",https://rulechannel.alibaba.com/icbu?type=detail&ruleId=2041&cId=1307#/rule/detail?ruleId=2041&cId=1307,Buyer Registration,buyer_registration.evaluated,guest/public evidence -> capability recorded,"Authenticated, regional, transactional and edge-case behavior not exercised unless explicitly stated.",Observed document/policy/order artifact where stated; otherwise no document submitted or generated.,No personal data submitted; public pages may display supplier/user content and policies describe account/transaction data.,Do not generalize a sampled listing or publisher claim beyond its stated scope; region and account state may change behavior.,SEC; CMP; UX,Capability implication is limited to the cited public evidence and access mode.,,,"Preserve this capability as a stateful, evidence-linked record; keep unknown/auth-only behavior explicit.",,,,,,,,,,,
D13.1,D13,D11-D20 Identity,supplier_enrollment,What supplier enrollment path is public?,observed,"US Seller page presents Start selling, annual package selection, business verification, onboarding and storefront launch sequence.",https://seller.alibaba.com/us,official-guidance,2026-08-24,Amsterdam/NL sandbox; guest mode; delivery context observed as US on homepage/PDP,"guest; no account, message, RFQ, order or payment submitted",high,registrant or member,Capability-specific user intent or prerequisite described by the dimension question.,"US Seller page presents Start selling, annual package selection, business verification, onboarding and storefront launch sequence.",https://seller.alibaba.com/us,Supplier Enrollment,supplier_enrollment.evaluated,guest/public evidence -> capability recorded,"Authenticated, regional, transactional and edge-case behavior not exercised unless explicitly stated.",Observed document/policy/order artifact where stated; otherwise no document submitted or generated.,No personal data submitted; public pages may display supplier/user content and policies describe account/transaction data.,Do not generalize a sampled listing or publisher claim beyond its stated scope; region and account state may change behavior.,SEC; CMP; UX,Capability implication is limited to the cited public evidence and access mode.,,,"Preserve this capability as a stateful, evidence-linked record; keep unknown/auth-only behavior explicit.",,,,,,,,,,,
D14.1,D14,D11-D20 Identity,login,Which login mechanisms are documented?,observed,Sign-in is visible; Terms state some services require registered membership.,https://rulechannel.alibaba.com/icbu?type=detail&ruleId=2041&cId=1307#/rule/detail?ruleId=2041&cId=1307,official-policy,2026-08-24,Amsterdam/NL sandbox; guest mode; delivery context observed as US on homepage/PDP,"guest; no account, message, RFQ, order or payment submitted",high,registrant or member,Capability-specific user intent or prerequisite described by the dimension question.,Sign-in is visible; Terms state some services require registered membership.,https://rulechannel.alibaba.com/icbu?type=detail&ruleId=2041&cId=1307#/rule/detail?ruleId=2041&cId=1307,Login,login.evaluated,guest/public evidence -> capability recorded,"Authenticated, regional, transactional and edge-case behavior not exercised unless explicitly stated.",Observed document/policy/order artifact where stated; otherwise no document submitted or generated.,No personal data submitted; public pages may display supplier/user content and policies describe account/transaction data.,Do not generalize a sampled listing or publisher claim beyond its stated scope; region and account state may change behavior.,SEC; CMP; UX,Capability implication is limited to the cited public evidence and access mode.,,,"Preserve this capability as a stateful, evidence-linked record; keep unknown/auth-only behavior explicit.",,,,,,,,,,,
D15.1,D15,D11-D20 Identity,role_selection,Is an explicit buyer/seller role-selection screen shown?,observed,Terms define buyer and seller users; current registration role-selection UI was not directly traversed.,https://rulechannel.alibaba.com/icbu?type=detail&ruleId=2041&cId=1307#/rule/detail?ruleId=2041&cId=1307,official-policy,2026-08-24,Amsterdam/NL sandbox; guest mode; delivery context observed as US on homepage/PDP,"guest; no account, message, RFQ, order or payment submitted",medium,registrant or member,Capability-specific user intent or prerequisite described by the dimension question.,Terms define buyer and seller users; current registration role-selection UI was not directly traversed.,https://rulechannel.alibaba.com/icbu?type=detail&ruleId=2041&cId=1307#/rule/detail?ruleId=2041&cId=1307,Role Selection,role_selection.evaluated,guest/public evidence -> capability recorded,"Authenticated, regional, transactional and edge-case behavior not exercised unless explicitly stated.",Observed document/policy/order artifact where stated; otherwise no document submitted or generated.,No personal data submitted; public pages may display supplier/user content and policies describe account/transaction data.,Do not generalize a sampled listing or publisher claim beyond its stated scope; region and account state may change behavior.,SEC; CMP; UX,Capability implication is limited to the cited public evidence and access mode.,,,"Preserve this capability as a stateful, evidence-linked record; keep unknown/auth-only behavior explicit.",,,,,,,,,,,
D16.1,D16,D11-D20 Identity,email_verification,How is email verified?,observed-not-found,Email verification steps were not visible in inspected guest pages.,https://rulechannel.alibaba.com/icbu?type=detail&ruleId=2041&cId=1307#/rule/detail?ruleId=2041&cId=1307,official-policy,2026-08-24,Amsterdam/NL sandbox; guest mode; delivery context observed as US on homepage/PDP,"guest; no account, message, RFQ, order or payment submitted",medium,registrant or member,Capability-specific user intent or prerequisite described by the dimension question.,Email verification steps were not visible in inspected guest pages.,https://rulechannel.alibaba.com/icbu?type=detail&ruleId=2041&cId=1307#/rule/detail?ruleId=2041&cId=1307,Email Verification,email_verification.evaluated,guest/public evidence -> observed-not-found,Registration was not submitted and auth paths were not entered.,Observed document/policy/order artifact where stated; otherwise no document submitted or generated.,No personal data submitted; public pages may display supplier/user content and policies describe account/transaction data.,Do not generalize a sampled listing or publisher claim beyond its stated scope; region and account state may change behavior.,SEC; CMP; UX,Capability implication is limited to the cited public evidence and access mode.,Registration was not submitted and auth paths were not entered.,Use an authorized test account or current official registration help article.,"Preserve this capability as a stateful, evidence-linked record; keep unknown/auth-only behavior explicit.",,,,,,,,,,,
D17.1,D17,D11-D20 Identity,mobile_verification,How is mobile verified?,observed-not-found,Mobile verification/OTP requirements were not observed.,https://rulechannel.alibaba.com/icbu?type=detail&ruleId=2034&cId=1306#/rule/detail?cId=1306&ruleId=2034,official-policy,2026-08-24,Amsterdam/NL sandbox; guest mode; delivery context observed as US on homepage/PDP,"guest; no account, message, RFQ, order or payment submitted",medium,registrant or member,Capability-specific user intent or prerequisite described by the dimension question.,Mobile verification/OTP requirements were not observed.,https://rulechannel.alibaba.com/icbu?type=detail&ruleId=2034&cId=1306#/rule/detail?cId=1306&ruleId=2034,Mobile Verification,mobile_verification.evaluated,guest/public evidence -> observed-not-found,No registration attempt was made.,Observed document/policy/order artifact where stated; otherwise no document submitted or generated.,No personal data submitted; public pages may display supplier/user content and policies describe account/transaction data.,Do not generalize a sampled listing or publisher claim beyond its stated scope; region and account state may change behavior.,SEC; CMP; UX,Capability implication is limited to the cited public evidence and access mode.,No registration attempt was made.,Inspect current account-registration help under authorization.,"Preserve this capability as a stateful, evidence-linked record; keep unknown/auth-only behavior explicit.",,,,,,,,,,,
D18.1,D18,D11-D20 Identity,company_onboarding,Is company information collected?,observed,Seller page states business verification precedes onboarding; buyer identity stages can require business information according to Help Center indexing.,https://seller.alibaba.com/us,official-guidance,2026-08-24,Amsterdam/NL sandbox; guest mode; delivery context observed as US on homepage/PDP,"guest; no account, message, RFQ, order or payment submitted",high,registrant or member,Capability-specific user intent or prerequisite described by the dimension question.,Seller page states business verification precedes onboarding; buyer identity stages can require business information according to Help Center indexing.,https://seller.alibaba.com/us,Company Onboarding,company_onboarding.evaluated,guest/public evidence -> capability recorded,"Authenticated, regional, transactional and edge-case behavior not exercised unless explicitly stated.",Observed document/policy/order artifact where stated; otherwise no document submitted or generated.,No personal data submitted; public pages may display supplier/user content and policies describe account/transaction data.,Do not generalize a sampled listing or publisher claim beyond its stated scope; region and account state may change behavior.,SEC; CMP; UX,Capability implication is limited to the cited public evidence and access mode.,,,"Preserve this capability as a stateful, evidence-linked record; keep unknown/auth-only behavior explicit.",,,,,,,,,,,
D19.1,D19,D11-D20 Identity,kyc_kyb_documents,Which exact KYB documents are mandatory at registration?,observed,"Privacy policy states identity/security, KYC, AML and due-diligence processing; exact document checklist varies and was not submitted.",https://rulechannel.alibaba.com/icbu?type=detail&ruleId=2034&cId=1306#/rule/detail?cId=1306&ruleId=2034,official-policy,2026-08-24,Amsterdam/NL sandbox; guest mode; delivery context observed as US on homepage/PDP,"guest; no account, message, RFQ, order or payment submitted",high,registrant or member,Capability-specific user intent or prerequisite described by the dimension question.,"Privacy policy states identity/security, KYC, AML and due-diligence processing; exact document checklist varies and was not submitted.",https://rulechannel.alibaba.com/icbu?type=detail&ruleId=2034&cId=1306#/rule/detail?cId=1306&ruleId=2034,Kyc Kyb Documents,kyc_kyb_documents.evaluated,guest/public evidence -> capability recorded,"Authenticated, regional, transactional and edge-case behavior not exercised unless explicitly stated.",Observed document/policy/order artifact where stated; otherwise no document submitted or generated.,No personal data submitted; public pages may display supplier/user content and policies describe account/transaction data.,Do not generalize a sampled listing or publisher claim beyond its stated scope; region and account state may change behavior.,SEC; CMP; UX,Capability implication is limited to the cited public evidence and access mode.,,,"Preserve this capability as a stateful, evidence-linked record; keep unknown/auth-only behavior explicit.",,,,,,,,,,,
D20.1,D20,D11-D20 Identity,password_recovery,What recovery path is documented?,observed-not-found,Password recovery workflow was not traversed or documented in scoped sources.,https://rulechannel.alibaba.com/icbu?type=detail&ruleId=2041&cId=1307#/rule/detail?ruleId=2041&cId=1307,official-policy,2026-08-24,Amsterdam/NL sandbox; guest mode; delivery context observed as US on homepage/PDP,"guest; no account, message, RFQ, order or payment submitted",medium,registrant or member,Capability-specific user intent or prerequisite described by the dimension question.,Password recovery workflow was not traversed or documented in scoped sources.,https://rulechannel.alibaba.com/icbu?type=detail&ruleId=2041&cId=1307#/rule/detail?ruleId=2041&cId=1307,Password Recovery,password_recovery.evaluated,guest/public evidence -> observed-not-found,Auth-only flow and no account used.,Observed document/policy/order artifact where stated; otherwise no document submitted or generated.,No personal data submitted; public pages may display supplier/user content and policies describe account/transaction data.,Do not generalize a sampled listing or publisher claim beyond its stated scope; region and account state may change behavior.,SEC; CMP; UX,Capability implication is limited to the cited public evidence and access mode.,Auth-only flow and no account used.,Inspect official account-security help without submitting personal data.,"Preserve this capability as a stateful, evidence-linked record; keep unknown/auth-only behavior explicit.",,,,,,,,,,,
D21.1,D21,D21-D30 Supplier tools,dashboard,Is a supplier dashboard evidenced?,observed,Seller page publicly depicts a supplier dashboard; authenticated dashboard content was not accessed.,https://seller.alibaba.com/us,official-guidance,2026-08-24,Amsterdam/NL sandbox; guest mode; delivery context observed as US on homepage/PDP,"guest; no account, message, RFQ, order or payment submitted",medium,seller/member; buyer where applicable,Capability-specific user intent or prerequisite described by the dimension question.,Seller page publicly depicts a supplier dashboard; authenticated dashboard content was not accessed.,https://seller.alibaba.com/us,Dashboard,dashboard.evaluated,guest/public evidence -> capability recorded,"Authenticated, regional, transactional and edge-case behavior not exercised unless explicitly stated.",Observed document/policy/order artifact where stated; otherwise no document submitted or generated.,No personal data submitted; public pages may display supplier/user content and policies describe account/transaction data.,Do not generalize a sampled listing or publisher claim beyond its stated scope; region and account state may change behavior.,SUP; PM; ENG,Capability implication is limited to the cited public evidence and access mode.,,,"Preserve this capability as a stateful, evidence-linked record; keep unknown/auth-only behavior explicit.",,,,,,,,,,,
D22.1,D22,D21-D30 Supplier tools,company_profile,Can suppliers maintain a profile?,observed,Seller offer includes a customized storefront and catalog setup; sample PDP links a supplier storefront.,https://seller.alibaba.com/us,official-guidance,2026-08-24,Amsterdam/NL sandbox; guest mode; delivery context observed as US on homepage/PDP,"guest; no account, message, RFQ, order or payment submitted",high,seller/member; buyer where applicable,Capability-specific user intent or prerequisite described by the dimension question.,Seller offer includes a customized storefront and catalog setup; sample PDP links a supplier storefront.,https://seller.alibaba.com/us,Company Profile,company_profile.evaluated,guest/public evidence -> capability recorded,"Authenticated, regional, transactional and edge-case behavior not exercised unless explicitly stated.",Observed document/policy/order artifact where stated; otherwise no document submitted or generated.,No personal data submitted; public pages may display supplier/user content and policies describe account/transaction data.,Do not generalize a sampled listing or publisher claim beyond its stated scope; region and account state may change behavior.,SUP; PM; ENG,Capability implication is limited to the cited public evidence and access mode.,,,"Preserve this capability as a stateful, evidence-linked record; keep unknown/auth-only behavior explicit.",,,,,,,,,,,
D23.1,D23,D21-D30 Supplier tools,catalog_management,Is catalog/showroom management evidenced?,observed,Seller plan includes storefront/catalog management and product migration/importing features.,https://seller.alibaba.com/us,official-guidance,2026-08-24,Amsterdam/NL sandbox; guest mode; delivery context observed as US on homepage/PDP,"guest; no account, message, RFQ, order or payment submitted",high,seller/member; buyer where applicable,Capability-specific user intent or prerequisite described by the dimension question.,Seller plan includes storefront/catalog management and product migration/importing features.,https://seller.alibaba.com/us,Catalog Management,catalog_management.evaluated,guest/public evidence -> capability recorded,"Authenticated, regional, transactional and edge-case behavior not exercised unless explicitly stated.",Observed document/policy/order artifact where stated; otherwise no document submitted or generated.,No personal data submitted; public pages may display supplier/user content and policies describe account/transaction data.,Do not generalize a sampled listing or publisher claim beyond its stated scope; region and account state may change behavior.,SUP; PM; ENG,Capability implication is limited to the cited public evidence and access mode.,,,"Preserve this capability as a stateful, evidence-linked record; keep unknown/auth-only behavior explicit.",,,,,,,,,,,
D24.1,D24,D21-D30 Supplier tools,product_creation,Is product creation evidenced?,observed,Seller page advertises product-listing improvement and catalog upload support; exact create/edit form was auth-gated.,https://seller.alibaba.com/us,official-guidance,2026-08-24,Amsterdam/NL sandbox; guest mode; delivery context observed as US on homepage/PDP,"guest; no account, message, RFQ, order or payment submitted",high,seller/member; buyer where applicable,Capability-specific user intent or prerequisite described by the dimension question.,Seller page advertises product-listing improvement and catalog upload support; exact create/edit form was auth-gated.,https://seller.alibaba.com/us,Product Creation,product_creation.evaluated,guest/public evidence -> capability recorded,"Authenticated, regional, transactional and edge-case behavior not exercised unless explicitly stated.",Observed document/policy/order artifact where stated; otherwise no document submitted or generated.,No personal data submitted; public pages may display supplier/user content and policies describe account/transaction data.,Do not generalize a sampled listing or publisher claim beyond its stated scope; region and account state may change behavior.,SUP; PM; ENG,Capability implication is limited to the cited public evidence and access mode.,,,"Preserve this capability as a stateful, evidence-linked record; keep unknown/auth-only behavior explicit.",,,,,,,,,,,
D25.1,D25,D21-D30 Supplier tools,product_specifications,Are structured specifications displayed?,observed,"Sample PDP shows structured attributes, packaging dimensions/weight, variants, MOQ, origin, payment term and descriptive fields.",https://www.alibaba.com/product-detail/STARLII-Low-Moq-Small-Mini-Beer_1601254764933.html,direct-public-page,2026-08-24,Amsterdam/NL sandbox; guest mode; delivery context observed as US on homepage/PDP,"guest; no account, message, RFQ, order or payment submitted",high,seller/member; buyer where applicable,Capability-specific user intent or prerequisite described by the dimension question.,"Sample PDP shows structured attributes, packaging dimensions/weight, variants, MOQ, origin, payment term and descriptive fields.",https://www.alibaba.com/product-detail/STARLII-Low-Moq-Small-Mini-Beer_1601254764933.html,Product Specifications,product_specifications.evaluated,guest/public evidence -> capability recorded,"Authenticated, regional, transactional and edge-case behavior not exercised unless explicitly stated.",Observed document/policy/order artifact where stated; otherwise no document submitted or generated.,No personal data submitted; public pages may display supplier/user content and policies describe account/transaction data.,Do not generalize a sampled listing or publisher claim beyond its stated scope; region and account state may change behavior.,SUP; PM; ENG,Capability implication is limited to the cited public evidence and access mode.,,,"Preserve this capability as a stateful, evidence-linked record; keep unknown/auth-only behavior explicit.",,,,,,,,,,,
D26.1,D26,D21-D30 Supplier tools,price_moq,Are price and MOQ visible?,observed,"Sample PDP displays a USD price range and MOQ, while detailed attributes contain a conflicting MOQ value; conflict is preserved.",https://www.alibaba.com/product-detail/STARLII-Low-Moq-Small-Mini-Beer_1601254764933.html,direct-public-page,2026-08-24,Amsterdam/NL sandbox; guest mode; delivery context observed as US on homepage/PDP,"guest; no account, message, RFQ, order or payment submitted",high,seller/member; buyer where applicable,Capability-specific user intent or prerequisite described by the dimension question.,"Sample PDP displays a USD price range and MOQ, while detailed attributes contain a conflicting MOQ value; conflict is preserved.",https://www.alibaba.com/product-detail/STARLII-Low-Moq-Small-Mini-Beer_1601254764933.html,Price Moq,price_moq.evaluated,guest/public evidence -> capability recorded,"Authenticated, regional, transactional and edge-case behavior not exercised unless explicitly stated.",Observed document/policy/order artifact where stated; otherwise no document submitted or generated.,No personal data submitted; public pages may display supplier/user content and policies describe account/transaction data.,Do not generalize a sampled listing or publisher claim beyond its stated scope; region and account state may change behavior.,SUP; PM; ENG,Capability implication is limited to the cited public evidence and access mode.,,,"Preserve this capability as a stateful, evidence-linked record; keep unknown/auth-only behavior explicit.",,,,,,,,,,,
D27.1,D27,D21-D30 Supplier tools,capacity_lead_time,Are capacity and lead time visible?,observed,Sample PDP shows a lead-time table; supplier capacity is not independently verified.,https://www.alibaba.com/product-detail/STARLII-Low-Moq-Small-Mini-Beer_1601254764933.html,direct-public-page,2026-08-24,Amsterdam/NL sandbox; guest mode; delivery context observed as US on homepage/PDP,"guest; no account, message, RFQ, order or payment submitted",high,seller/member; buyer where applicable,Capability-specific user intent or prerequisite described by the dimension question.,Sample PDP shows a lead-time table; supplier capacity is not independently verified.,https://www.alibaba.com/product-detail/STARLII-Low-Moq-Small-Mini-Beer_1601254764933.html,Capacity Lead Time,capacity_lead_time.evaluated,guest/public evidence -> capability recorded,"Authenticated, regional, transactional and edge-case behavior not exercised unless explicitly stated.",Observed document/policy/order artifact where stated; otherwise no document submitted or generated.,No personal data submitted; public pages may display supplier/user content and policies describe account/transaction data.,Do not generalize a sampled listing or publisher claim beyond its stated scope; region and account state may change behavior.,SUP; PM; ENG,Capability implication is limited to the cited public evidence and access mode.,,,"Preserve this capability as a stateful, evidence-linked record; keep unknown/auth-only behavior explicit.",sample PDP lead time,7,days,not applicable,quantity 1-2 pieces; snapshot,supplier China,sample product listing,direct transcription,"Fuqing Starlii Cooperation Co., Ltd. via Alibaba.com",STARLII Low MOQ mini beer mug,listing dynamic; access 2026-08-24
D28.1,D28,D21-D30 Supplier tools,rfq_creation,Can a buyer submit an RFQ?,observed,Buyer guide documents RFQ creation as specifying needs so sellers bid; form submission was not performed.,https://buyer.alibaba.com/page/HowItWorks/Page.html,direct-public-page,2026-08-24,Amsterdam/NL sandbox; guest mode; delivery context observed as US on homepage/PDP,"guest; no account, message, RFQ, order or payment submitted",high,seller/member; buyer where applicable,Capability-specific user intent or prerequisite described by the dimension question.,Buyer guide documents RFQ creation as specifying needs so sellers bid; form submission was not performed.,https://buyer.alibaba.com/page/HowItWorks/Page.html,Rfq Creation,rfq_creation.evaluated,guest/public evidence -> capability recorded,"Authenticated, regional, transactional and edge-case behavior not exercised unless explicitly stated.",Observed document/policy/order artifact where stated; otherwise no document submitted or generated.,No personal data submitted; public pages may display supplier/user content and policies describe account/transaction data.,Do not generalize a sampled listing or publisher claim beyond its stated scope; region and account state may change behavior.,SUP; PM; ENG,Capability implication is limited to the cited public evidence and access mode.,,,"Preserve this capability as a stateful, evidence-linked record; keep unknown/auth-only behavior explicit.",,,,,,,,,,,
D29.1,D29,D21-D30 Supplier tools,rfq_response,Can suppliers view/respond to RFQs?,observed,Seller RFQ page describes buyers posting requirements and sellers responding; seller plans impose monthly RFQ quote credits.,https://seller.alibaba.com/rfq,official-guidance,2026-08-24,Amsterdam/NL sandbox; guest mode; delivery context observed as US on homepage/PDP,"guest; no account, message, RFQ, order or payment submitted",high,seller/member; buyer where applicable,Capability-specific user intent or prerequisite described by the dimension question.,Seller RFQ page describes buyers posting requirements and sellers responding; seller plans impose monthly RFQ quote credits.,https://seller.alibaba.com/rfq,Rfq Response,rfq_response.evaluated,guest/public evidence -> capability recorded,"Authenticated, regional, transactional and edge-case behavior not exercised unless explicitly stated.",Observed document/policy/order artifact where stated; otherwise no document submitted or generated.,No personal data submitted; public pages may display supplier/user content and policies describe account/transaction data.,Do not generalize a sampled listing or publisher claim beyond its stated scope; region and account state may change behavior.,SUP; PM; ENG,Capability implication is limited to the cited public evidence and access mode.,,,"Preserve this capability as a stateful, evidence-linked record; keep unknown/auth-only behavior explicit.",,,,,,,,,,,
D30.1,D30,D21-D30 Supplier tools,messaging,Is messaging/file exchange evidenced?,observed,"Buyer guide documents Contact Supplier, Message Center, app translation and video chat; no message was sent.",https://buyer.alibaba.com/page/HowItWorks/Page.html,direct-public-page,2026-08-24,Amsterdam/NL sandbox; guest mode; delivery context observed as US on homepage/PDP,"guest; no account, message, RFQ, order or payment submitted",high,seller/member; buyer where applicable,Capability-specific user intent or prerequisite described by the dimension question.,"Buyer guide documents Contact Supplier, Message Center, app translation and video chat; no message was sent.",https://buyer.alibaba.com/page/HowItWorks/Page.html,Messaging,messaging.evaluated,guest/public evidence -> capability recorded,"Authenticated, regional, transactional and edge-case behavior not exercised unless explicitly stated.",Observed document/policy/order artifact where stated; otherwise no document submitted or generated.,No personal data submitted; public pages may display supplier/user content and policies describe account/transaction data.,Do not generalize a sampled listing or publisher claim beyond its stated scope; region and account state may change behavior.,SUP; PM; ENG,Capability implication is limited to the cited public evidence and access mode.,,,"Preserve this capability as a stateful, evidence-linked record; keep unknown/auth-only behavior explicit.",,,,,,,,,,,
D31.1,D31,D31-D40 Transaction,quotation,Is quotation workflow evidenced?,observed,Official RFQ material defines seller quotes against buyer requirements; quote form and versioning were auth-gated.,https://seller.alibaba.com/rfq,official-guidance,2026-08-24,Amsterdam/NL sandbox; guest mode; delivery context observed as US on homepage/PDP,"guest; no account, message, RFQ, order or payment submitted",high,buyer; seller; platform/partner,Capability-specific user intent or prerequisite described by the dimension question.,Official RFQ material defines seller quotes against buyer requirements; quote form and versioning were auth-gated.,https://seller.alibaba.com/rfq,Quotation,quotation.evaluated,guest/public evidence -> capability recorded,"Authenticated, regional, transactional and edge-case behavior not exercised unless explicitly stated.",Observed document/policy/order artifact where stated; otherwise no document submitted or generated.,No personal data submitted; public pages may display supplier/user content and policies describe account/transaction data.,Do not generalize a sampled listing or publisher claim beyond its stated scope; region and account state may change behavior.,FIN; TRADE; LOG; LEG,Capability implication is limited to the cited public evidence and access mode.,,,"Preserve this capability as a stateful, evidence-linked record; keep unknown/auth-only behavior explicit.",,,,,,,,,,,
D32.1,D32,D31-D40 Transaction,sample_workflow,Is a platform-managed sample workflow visible?,observed,Sample PDP exposes Get sample and a sample price; clicking/submitting was not performed.,https://www.alibaba.com/product-detail/STARLII-Low-Moq-Small-Mini-Beer_1601254764933.html,direct-public-page,2026-08-24,Amsterdam/NL sandbox; guest mode; delivery context observed as US on homepage/PDP,"guest; no account, message, RFQ, order or payment submitted",high,buyer; seller; platform/partner,Capability-specific user intent or prerequisite described by the dimension question.,Sample PDP exposes Get sample and a sample price; clicking/submitting was not performed.,https://www.alibaba.com/product-detail/STARLII-Low-Moq-Small-Mini-Beer_1601254764933.html,Sample Workflow,sample_workflow.evaluated,guest/public evidence -> capability recorded,"Authenticated, regional, transactional and edge-case behavior not exercised unless explicitly stated.",Observed document/policy/order artifact where stated; otherwise no document submitted or generated.,No personal data submitted; public pages may display supplier/user content and policies describe account/transaction data.,Do not generalize a sampled listing or publisher claim beyond its stated scope; region and account state may change behavior.,FIN; TRADE; LOG; LEG,Capability implication is limited to the cited public evidence and access mode.,,,"Preserve this capability as a stateful, evidence-linked record; keep unknown/auth-only behavior explicit.",,,,,,,,,,,
D33.1,D33,D31-D40 Transaction,negotiation,Is negotiation supported?,observed,Buyer guide says buyers can customize orders and negotiate prices one-to-one through seller communication.,https://buyer.alibaba.com/page/HowItWorks/Page.html,direct-public-page,2026-08-24,Amsterdam/NL sandbox; guest mode; delivery context observed as US on homepage/PDP,"guest; no account, message, RFQ, order or payment submitted",high,buyer; seller; platform/partner,Capability-specific user intent or prerequisite described by the dimension question.,Buyer guide says buyers can customize orders and negotiate prices one-to-one through seller communication.,https://buyer.alibaba.com/page/HowItWorks/Page.html,Negotiation,negotiation.evaluated,guest/public evidence -> capability recorded,"Authenticated, regional, transactional and edge-case behavior not exercised unless explicitly stated.",Observed document/policy/order artifact where stated; otherwise no document submitted or generated.,No personal data submitted; public pages may display supplier/user content and policies describe account/transaction data.,Do not generalize a sampled listing or publisher claim beyond its stated scope; region and account state may change behavior.,FIN; TRADE; LOG; LEG,Capability implication is limited to the cited public evidence and access mode.,,,"Preserve this capability as a stateful, evidence-linked record; keep unknown/auth-only behavior explicit.",,,,,,,,,,,
D34.1,D34,D31-D40 Transaction,order_creation,Is an order flow documented?,observed,Sample PDP exposes Start order and Add to cart; order creation was not submitted.,https://www.alibaba.com/product-detail/STARLII-Low-Moq-Small-Mini-Beer_1601254764933.html,direct-public-page,2026-08-24,Amsterdam/NL sandbox; guest mode; delivery context observed as US on homepage/PDP,"guest; no account, message, RFQ, order or payment submitted",high,buyer; seller; platform/partner,Capability-specific user intent or prerequisite described by the dimension question.,Sample PDP exposes Start order and Add to cart; order creation was not submitted.,https://www.alibaba.com/product-detail/STARLII-Low-Moq-Small-Mini-Beer_1601254764933.html,Order Creation,order_creation.evaluated,guest/public evidence -> capability recorded,"Authenticated, regional, transactional and edge-case behavior not exercised unless explicitly stated.",Observed document/policy/order artifact where stated; otherwise no document submitted or generated.,No personal data submitted; public pages may display supplier/user content and policies describe account/transaction data.,Do not generalize a sampled listing or publisher claim beyond its stated scope; region and account state may change behavior.,FIN; TRADE; LOG; LEG,Capability implication is limited to the cited public evidence and access mode.,,,"Preserve this capability as a stateful, evidence-linked record; keep unknown/auth-only behavior explicit.",,,,,,,,,,,
D35.1,D35,D31-D40 Transaction,po_pi_documents,Are platform-generated PO or pro-forma invoice documents evidenced?,observed,Buyer guide recommends detailed purchase orders; Trade Assurance guide identifies online order terms as protection basis.,https://buyer.alibaba.com/page/HowItWorks/Page.html,direct-public-page,2026-08-24,Amsterdam/NL sandbox; guest mode; delivery context observed as US on homepage/PDP,"guest; no account, message, RFQ, order or payment submitted",high,buyer; seller; platform/partner,Capability-specific user intent or prerequisite described by the dimension question.,Buyer guide recommends detailed purchase orders; Trade Assurance guide identifies online order terms as protection basis.,https://buyer.alibaba.com/page/HowItWorks/Page.html,Po Pi Documents,po_pi_documents.evaluated,guest/public evidence -> capability recorded,"Authenticated, regional, transactional and edge-case behavior not exercised unless explicitly stated.",Observed document/policy/order artifact where stated; otherwise no document submitted or generated.,No personal data submitted; public pages may display supplier/user content and policies describe account/transaction data.,Do not generalize a sampled listing or publisher claim beyond its stated scope; region and account state may change behavior.,FIN; TRADE; LOG; LEG,Capability implication is limited to the cited public evidence and access mode.,,,"Preserve this capability as a stateful, evidence-linked record; keep unknown/auth-only behavior explicit.",,,,,,,,,,,
D36.1,D36,D31-D40 Transaction,checkout,What checkout steps are documented?,observed-not-found,Checkout fields beyond PDP entry were not observed.,https://www.alibaba.com/product-detail/STARLII-Low-Moq-Small-Mini-Beer_1601254764933.html,direct-public-page,2026-08-24,Amsterdam/NL sandbox; guest mode; delivery context observed as US on homepage/PDP,"guest; no account, message, RFQ, order or payment submitted",high,buyer; seller; platform/partner,Capability-specific user intent or prerequisite described by the dimension question.,Checkout fields beyond PDP entry were not observed.,https://www.alibaba.com/product-detail/STARLII-Low-Moq-Small-Mini-Beer_1601254764933.html,Checkout,checkout.evaluated,guest/public evidence -> observed-not-found,Checkout requires account/selection and possibly region/payment.,Observed document/policy/order artifact where stated; otherwise no document submitted or generated.,No personal data submitted; public pages may display supplier/user content and policies describe account/transaction data.,Do not generalize a sampled listing or publisher claim beyond its stated scope; region and account state may change behavior.,FIN; TRADE; LOG; LEG,Capability implication is limited to the cited public evidence and access mode.,Checkout requires account/selection and possibly region/payment.,Use an authorized sandbox/order fixture; do not submit payment.,"Preserve this capability as a stateful, evidence-linked record; keep unknown/auth-only behavior explicit.",,,,,,,,,,,
D37.1,D37,D31-D40 Transaction,payment_methods,Which payment methods are stated?,observed,"Buyer guide lists card, online transfer, wire transfer, Western Union, Apple Pay, Google Pay and Boleto; availability is regional.",https://buyer.alibaba.com/page/HowItWorks/Page.html,direct-public-page,2026-08-24,Amsterdam/NL sandbox; guest mode; delivery context observed as US on homepage/PDP,"guest; no account, message, RFQ, order or payment submitted",high,buyer; seller; platform/partner,Capability-specific user intent or prerequisite described by the dimension question.,"Buyer guide lists card, online transfer, wire transfer, Western Union, Apple Pay, Google Pay and Boleto; availability is regional.",https://buyer.alibaba.com/page/HowItWorks/Page.html,Payment Methods,payment_methods.evaluated,guest/public evidence -> capability recorded,"Authenticated, regional, transactional and edge-case behavior not exercised unless explicitly stated.",Observed document/policy/order artifact where stated; otherwise no document submitted or generated.,No personal data submitted; public pages may display supplier/user content and policies describe account/transaction data.,Do not generalize a sampled listing or publisher claim beyond its stated scope; region and account state may change behavior.,FIN; TRADE; LOG; LEG,Capability implication is limited to the cited public evidence and access mode.,,,"Preserve this capability as a stateful, evidence-linked record; keep unknown/auth-only behavior explicit.",,,,,,,,,,,
D38.1,D38,D31-D40 Transaction,escrow_buyer_protection,Is escrow or platform-held funds evidenced?,observed,Trade Assurance is order protection for online orders paid through Alibaba.com; no classic neutral escrow hold/release was observed.,https://buyer.alibaba.com/page/tradeassurance/buyer/story.html,official-guidance,2026-08-24,Amsterdam/NL sandbox; guest mode; delivery context observed as US on homepage/PDP,"guest; no account, message, RFQ, order or payment submitted",high,buyer; seller; platform/partner,Capability-specific user intent or prerequisite described by the dimension question.,Trade Assurance is order protection for online orders paid through Alibaba.com; no classic neutral escrow hold/release was observed.,https://buyer.alibaba.com/page/tradeassurance/buyer/story.html,Escrow Buyer Protection,escrow_buyer_protection.evaluated,guest/public evidence -> capability recorded,"Authenticated, regional, transactional and edge-case behavior not exercised unless explicitly stated.",Observed document/policy/order artifact where stated; otherwise no document submitted or generated.,No personal data submitted; public pages may display supplier/user content and policies describe account/transaction data.,Do not generalize a sampled listing or publisher claim beyond its stated scope; region and account state may change behavior.,FIN; TRADE; LOG; LEG,Capability implication is limited to the cited public evidence and access mode.,,,"Preserve this capability as a stateful, evidence-linked record; keep unknown/auth-only behavior explicit.",,,,,,,,,,,
D39.1,D39,D31-D40 Transaction,notifications,Are notification surfaces visible?,observed-not-found,Notification settings/channels were not observed in guest mode.,https://rulechannel.alibaba.com/icbu?type=detail&ruleId=2041&cId=1307#/rule/detail?ruleId=2041&cId=1307,official-policy,2026-08-24,Amsterdam/NL sandbox; guest mode; delivery context observed as US on homepage/PDP,"guest; no account, message, RFQ, order or payment submitted",medium,buyer; seller; platform/partner,Capability-specific user intent or prerequisite described by the dimension question.,Notification settings/channels were not observed in guest mode.,https://rulechannel.alibaba.com/icbu?type=detail&ruleId=2041&cId=1307#/rule/detail?ruleId=2041&cId=1307,Notifications,notifications.evaluated,guest/public evidence -> observed-not-found,My Alibaba is authenticated.,Observed document/policy/order artifact where stated; otherwise no document submitted or generated.,No personal data submitted; public pages may display supplier/user content and policies describe account/transaction data.,Do not generalize a sampled listing or publisher claim beyond its stated scope; region and account state may change behavior.,FIN; TRADE; LOG; LEG,Capability implication is limited to the cited public evidence and access mode.,My Alibaba is authenticated.,Inspect authenticated notification center with a test account.,"Preserve this capability as a stateful, evidence-linked record; keep unknown/auth-only behavior explicit.",,,,,,,,,,,
D40.1,D40,D31-D40 Transaction,order_status,Which order states are documented?,observed,"Official guides reference order progression through payment, supplier shipment, tracking, delivery confirmation, completion and refund/dispute states; exact current state enum was not exported.",https://helpcenter.alibaba.com/s/buyer/knowledge?questionId=740804f84ea34811b7eb572838430920sgvpc278077001&categoryId=1000088736&questionId2=20155192&pageId=128&category=1000088736&knowledge=20155192&language=en,official-guidance,2026-08-24,Amsterdam/NL sandbox; guest mode; delivery context observed as US on homepage/PDP,"guest; no account, message, RFQ, order or payment submitted",medium,buyer; seller; platform/partner,Capability-specific user intent or prerequisite described by the dimension question.,"Official guides reference order progression through payment, supplier shipment, tracking, delivery confirmation, completion and refund/dispute states; exact current state enum was not exported.",https://helpcenter.alibaba.com/s/buyer/knowledge?questionId=740804f84ea34811b7eb572838430920sgvpc278077001&categoryId=1000088736&questionId2=20155192&pageId=128&category=1000088736&knowledge=20155192&language=en,Order Status,order_status.evaluated,guest/public evidence -> capability recorded,"Authenticated, regional, transactional and edge-case behavior not exercised unless explicitly stated.",Observed document/policy/order artifact where stated; otherwise no document submitted or generated.,No personal data submitted; public pages may display supplier/user content and policies describe account/transaction data.,Do not generalize a sampled listing or publisher claim beyond its stated scope; region and account state may change behavior.,FIN; TRADE; LOG; LEG,Capability implication is limited to the cited public evidence and access mode.,,,"Preserve this capability as a stateful, evidence-linked record; keep unknown/auth-only behavior explicit.",,,,,,,,,,,
D41.1,D41,D41-D50 Fulfillment,shipping_quote,How is shipping price handled?,observed,Sample PDP shows shipping fee and guaranteed delivery window; buyer guide describes logistics/shipping after payment.,https://www.alibaba.com/product-detail/STARLII-Low-Moq-Small-Mini-Beer_1601254764933.html,direct-public-page,2026-08-24,Amsterdam/NL sandbox; guest mode; delivery context observed as US on homepage/PDP,"guest; no account, message, RFQ, order or payment submitted",high,buyer; seller; platform/partner,Capability-specific user intent or prerequisite described by the dimension question.,Sample PDP shows shipping fee and guaranteed delivery window; buyer guide describes logistics/shipping after payment.,https://www.alibaba.com/product-detail/STARLII-Low-Moq-Small-Mini-Beer_1601254764933.html,Shipping Quote,shipping_quote.evaluated,guest/public evidence -> capability recorded,"Authenticated, regional, transactional and edge-case behavior not exercised unless explicitly stated.",Observed document/policy/order artifact where stated; otherwise no document submitted or generated.,No personal data submitted; public pages may display supplier/user content and policies describe account/transaction data.,Do not generalize a sampled listing or publisher claim beyond its stated scope; region and account state may change behavior.,FIN; TRADE; LOG; LEG,Capability implication is limited to the cited public evidence and access mode.,,,"Preserve this capability as a stateful, evidence-linked record; keep unknown/auth-only behavior explicit.",,,,,,,,,,,
D42.1,D42,D41-D50 Fulfillment,carrier_freight,Are logistics integrations/settings evidenced?,observed,"Alibaba Logistics page documents origin/destination/dimensions, quote comparison and provider chat/booking, while also announcing marketplace discontinuation from 2025-10-15 and a new model.",https://ship.alibaba.com/,direct-public-page,2026-08-24,Amsterdam/NL sandbox; guest mode; delivery context observed as US on homepage/PDP,"guest; no account, message, RFQ, order or payment submitted",high,buyer; seller; platform/partner,Capability-specific user intent or prerequisite described by the dimension question.,"Alibaba Logistics page documents origin/destination/dimensions, quote comparison and provider chat/booking, while also announcing marketplace discontinuation from 2025-10-15 and a new model.",https://ship.alibaba.com/,Carrier Freight,carrier_freight.evaluated,guest/public evidence -> capability recorded,"Authenticated, regional, transactional and edge-case behavior not exercised unless explicitly stated.",Observed document/policy/order artifact where stated; otherwise no document submitted or generated.,No personal data submitted; public pages may display supplier/user content and policies describe account/transaction data.,Do not generalize a sampled listing or publisher claim beyond its stated scope; region and account state may change behavior.,FIN; TRADE; LOG; LEG,Capability implication is limited to the cited public evidence and access mode.,,,"Preserve this capability as a stateful, evidence-linked record; keep unknown/auth-only behavior explicit.",,,,,,,,,,,
D43.1,D43,D41-D50 Fulfillment,incoterms,Are Incoterms structured in product/order UI?,observed-not-found,No structured Incoterm field was observed on the sample PDP or guest order entry.,https://www.alibaba.com/product-detail/STARLII-Low-Moq-Small-Mini-Beer_1601254764933.html,direct-public-page,2026-08-24,Amsterdam/NL sandbox; guest mode; delivery context observed as US on homepage/PDP,"guest; no account, message, RFQ, order or payment submitted",high,buyer; seller; platform/partner,Capability-specific user intent or prerequisite described by the dimension question.,No structured Incoterm field was observed on the sample PDP or guest order entry.,https://www.alibaba.com/product-detail/STARLII-Low-Moq-Small-Mini-Beer_1601254764933.html,Incoterms,incoterms.evaluated,guest/public evidence -> observed-not-found,Incoterms may appear during negotiation/order contract.,Observed document/policy/order artifact where stated; otherwise no document submitted or generated.,No personal data submitted; public pages may display supplier/user content and policies describe account/transaction data.,Do not generalize a sampled listing or publisher claim beyond its stated scope; region and account state may change behavior.,FIN; TRADE; LOG; LEG,Capability implication is limited to the cited public evidence and access mode.,Incoterms may appear during negotiation/order contract.,Inspect authorized order/quotation UI and contract fields.,"Preserve this capability as a stateful, evidence-linked record; keep unknown/auth-only behavior explicit.",,,,,,,,,,,
D44.1,D44,D41-D50 Fulfillment,trade_documents,"Are invoice, packing list, COO or bill-of-lading workflows shown?",observed,Buyer guide recommends PO and confirming shipping documents; exact generated invoice/packing-list/COO/BOL modules were not observed.,https://buyer.alibaba.com/page/HowItWorks/Page.html,direct-public-page,2026-08-24,Amsterdam/NL sandbox; guest mode; delivery context observed as US on homepage/PDP,"guest; no account, message, RFQ, order or payment submitted",medium,buyer; seller; platform/partner,Capability-specific user intent or prerequisite described by the dimension question.,Buyer guide recommends PO and confirming shipping documents; exact generated invoice/packing-list/COO/BOL modules were not observed.,https://buyer.alibaba.com/page/HowItWorks/Page.html,Trade Documents,trade_documents.evaluated,guest/public evidence -> capability recorded,"Authenticated, regional, transactional and edge-case behavior not exercised unless explicitly stated.",Observed document/policy/order artifact where stated; otherwise no document submitted or generated.,No personal data submitted; public pages may display supplier/user content and policies describe account/transaction data.,Do not generalize a sampled listing or publisher claim beyond its stated scope; region and account state may change behavior.,FIN; TRADE; LOG; LEG,Capability implication is limited to the cited public evidence and access mode.,,,"Preserve this capability as a stateful, evidence-linked record; keep unknown/auth-only behavior explicit.",,,,,,,,,,,
D45.1,D45,D41-D50 Fulfillment,shipment_tracking,Is platform shipment tracking evidenced?,observed,Official order guide instructs tracking via My Alibaba > Orders; guest tracking UI was auth-gated.,https://helpcenter.alibaba.com/s/buyer/knowledge?questionId=740804f84ea34811b7eb572838430920sgvpc278077001&categoryId=1000088736&questionId2=20155192&pageId=128&category=1000088736&knowledge=20155192&language=en,official-guidance,2026-08-24,Amsterdam/NL sandbox; guest mode; delivery context observed as US on homepage/PDP,"guest; no account, message, RFQ, order or payment submitted",medium,buyer; seller; platform/partner,Capability-specific user intent or prerequisite described by the dimension question.,Official order guide instructs tracking via My Alibaba > Orders; guest tracking UI was auth-gated.,https://helpcenter.alibaba.com/s/buyer/knowledge?questionId=740804f84ea34811b7eb572838430920sgvpc278077001&categoryId=1000088736&questionId2=20155192&pageId=128&category=1000088736&knowledge=20155192&language=en,Shipment Tracking,shipment_tracking.evaluated,guest/public evidence -> capability recorded,"Authenticated, regional, transactional and edge-case behavior not exercised unless explicitly stated.",Observed document/policy/order artifact where stated; otherwise no document submitted or generated.,No personal data submitted; public pages may display supplier/user content and policies describe account/transaction data.,Do not generalize a sampled listing or publisher claim beyond its stated scope; region and account state may change behavior.,FIN; TRADE; LOG; LEG,Capability implication is limited to the cited public evidence and access mode.,,,"Preserve this capability as a stateful, evidence-linked record; keep unknown/auth-only behavior explicit.",,,,,,,,,,,
D46.1,D46,D41-D50 Fulfillment,inspection,Is transactional inspection ordering evidenced?,observed,Buyer guide names production monitoring and inspection services and sample checks; no inspection booking was executed.,https://buyer.alibaba.com/page/HowItWorks/Page.html,direct-public-page,2026-08-24,Amsterdam/NL sandbox; guest mode; delivery context observed as US on homepage/PDP,"guest; no account, message, RFQ, order or payment submitted",high,buyer; seller; platform/partner,Capability-specific user intent or prerequisite described by the dimension question.,Buyer guide names production monitoring and inspection services and sample checks; no inspection booking was executed.,https://buyer.alibaba.com/page/HowItWorks/Page.html,Inspection,inspection.evaluated,guest/public evidence -> capability recorded,"Authenticated, regional, transactional and edge-case behavior not exercised unless explicitly stated.",Observed document/policy/order artifact where stated; otherwise no document submitted or generated.,No personal data submitted; public pages may display supplier/user content and policies describe account/transaction data.,Do not generalize a sampled listing or publisher claim beyond its stated scope; region and account state may change behavior.,FIN; TRADE; LOG; LEG,Capability implication is limited to the cited public evidence and access mode.,,,"Preserve this capability as a stateful, evidence-linked record; keep unknown/auth-only behavior explicit.",,,,,,,,,,,
D47.1,D47,D41-D50 Fulfillment,delivery_confirmation,Is buyer delivery acceptance evidenced?,observed,Official order guide describes Confirm delivery/receipt after shipment; authenticated control was not used.,https://helpcenter.alibaba.com/s/buyer/knowledge?questionId=740804f84ea34811b7eb572838430920sgvpc278077001&categoryId=1000088736&questionId2=20155192&pageId=128&category=1000088736&knowledge=20155192&language=en,official-guidance,2026-08-24,Amsterdam/NL sandbox; guest mode; delivery context observed as US on homepage/PDP,"guest; no account, message, RFQ, order or payment submitted",medium,buyer; seller; platform/partner,Capability-specific user intent or prerequisite described by the dimension question.,Official order guide describes Confirm delivery/receipt after shipment; authenticated control was not used.,https://helpcenter.alibaba.com/s/buyer/knowledge?questionId=740804f84ea34811b7eb572838430920sgvpc278077001&categoryId=1000088736&questionId2=20155192&pageId=128&category=1000088736&knowledge=20155192&language=en,Delivery Confirmation,delivery_confirmation.evaluated,guest/public evidence -> capability recorded,"Authenticated, regional, transactional and edge-case behavior not exercised unless explicitly stated.",Observed document/policy/order artifact where stated; otherwise no document submitted or generated.,No personal data submitted; public pages may display supplier/user content and policies describe account/transaction data.,Do not generalize a sampled listing or publisher claim beyond its stated scope; region and account state may change behavior.,FIN; TRADE; LOG; LEG,Capability implication is limited to the cited public evidence and access mode.,,,"Preserve this capability as a stateful, evidence-linked record; keep unknown/auth-only behavior explicit.",,,,,,,,,,,
D48.1,D48,D41-D50 Fulfillment,returns_refunds,Are return/refund terms captured?,observed,Help Center indexes Easy Return for eligible marked products and platform warehouse processing; sample PDP shows money-back protection.,https://helpcenter.alibaba.com/s/buyer/knowledge?questionId=3186690a40fd4e76b3f424c31eb9204asgvpc278077001&categoryId=1000083499&questionId2=1060995000&pageId=128&category=1000083499&knowledge=1060995000&language=en,official-guidance,2026-08-24,Amsterdam/NL sandbox; guest mode; delivery context observed as US on homepage/PDP,"guest; no account, message, RFQ, order or payment submitted",medium,buyer; seller; platform/partner,Capability-specific user intent or prerequisite described by the dimension question.,Help Center indexes Easy Return for eligible marked products and platform warehouse processing; sample PDP shows money-back protection.,https://helpcenter.alibaba.com/s/buyer/knowledge?questionId=3186690a40fd4e76b3f424c31eb9204asgvpc278077001&categoryId=1000083499&questionId2=1060995000&pageId=128&category=1000083499&knowledge=1060995000&language=en,Returns Refunds,returns_refunds.evaluated,guest/public evidence -> capability recorded,"Authenticated, regional, transactional and edge-case behavior not exercised unless explicitly stated.",Observed document/policy/order artifact where stated; otherwise no document submitted or generated.,No personal data submitted; public pages may display supplier/user content and policies describe account/transaction data.,Do not generalize a sampled listing or publisher claim beyond its stated scope; region and account state may change behavior.,FIN; TRADE; LOG; LEG,Capability implication is limited to the cited public evidence and access mode.,,,"Preserve this capability as a stateful, evidence-linked record; keep unknown/auth-only behavior explicit.",,,,,,,,,,,
D49.1,D49,D41-D50 Fulfillment,claims,Where can post-payment issues be raised?,observed,Trade Assurance page permits refund requests within 30 days of delivery for covered quality/ship-date issues.,https://buyer.alibaba.com/page/tradeassurance/buyer/story.html,official-guidance,2026-08-24,Amsterdam/NL sandbox; guest mode; delivery context observed as US on homepage/PDP,"guest; no account, message, RFQ, order or payment submitted",high,buyer; seller; platform/partner,Capability-specific user intent or prerequisite described by the dimension question.,Trade Assurance page permits refund requests within 30 days of delivery for covered quality/ship-date issues.,https://buyer.alibaba.com/page/tradeassurance/buyer/story.html,Claims,claims.evaluated,guest/public evidence -> capability recorded,"Authenticated, regional, transactional and edge-case behavior not exercised unless explicitly stated.",Observed document/policy/order artifact where stated; otherwise no document submitted or generated.,No personal data submitted; public pages may display supplier/user content and policies describe account/transaction data.,Do not generalize a sampled listing or publisher claim beyond its stated scope; region and account state may change behavior.,FIN; TRADE; LOG; LEG,Capability implication is limited to the cited public evidence and access mode.,,,"Preserve this capability as a stateful, evidence-linked record; keep unknown/auth-only behavior explicit.",Trade Assurance refund request window,30,days after delivery,not applicable,post-delivery,eligible Trade Assurance online order,Trade Assurance policy/marketing page,publisher-stated current page value,Alibaba.com,Trade Assurance protects your Alibaba.com orders,publication date not stated
D50.1,D50,D41-D50 Fulfillment,dispute_resolution,Is dispute resolution native or external?,observed,"Trade Assurance says Alibaba.com investigates, mediates and resolves claims using online order and communication records.",https://buyer.alibaba.com/page/tradeassurance/buyer/story.html,official-guidance,2026-08-24,Amsterdam/NL sandbox; guest mode; delivery context observed as US on homepage/PDP,"guest; no account, message, RFQ, order or payment submitted",high,buyer; seller; platform/partner,Capability-specific user intent or prerequisite described by the dimension question.,"Trade Assurance says Alibaba.com investigates, mediates and resolves claims using online order and communication records.",https://buyer.alibaba.com/page/tradeassurance/buyer/story.html,Dispute Resolution,dispute_resolution.evaluated,guest/public evidence -> capability recorded,"Authenticated, regional, transactional and edge-case behavior not exercised unless explicitly stated.",Observed document/policy/order artifact where stated; otherwise no document submitted or generated.,No personal data submitted; public pages may display supplier/user content and policies describe account/transaction data.,Do not generalize a sampled listing or publisher claim beyond its stated scope; region and account state may change behavior.,FIN; TRADE; LOG; LEG,Capability implication is limited to the cited public evidence and access mode.,,,"Preserve this capability as a stateful, evidence-linked record; keep unknown/auth-only behavior explicit.",,,,,,,,,,,
D51.1,D51,D51-D60 Trust,supplier_verification,How is supplier/certificate verification evidenced?,observed,"Buyer guide distinguishes Gold Supplier, Verified Supplier and Trade Assurance Supplier, including third-party verification/assessment scope.",https://buyer.alibaba.com/page/HowItWorks/Page.html,direct-public-page,2026-08-24,Amsterdam/NL sandbox; guest mode; delivery context observed as US on homepage/PDP,"guest; no account, message, RFQ, order or payment submitted",high,buyer; seller; platform moderator/support,Capability-specific user intent or prerequisite described by the dimension question.,"Buyer guide distinguishes Gold Supplier, Verified Supplier and Trade Assurance Supplier, including third-party verification/assessment scope.",https://buyer.alibaba.com/page/HowItWorks/Page.html,Supplier Verification,supplier_verification.evaluated,guest/public evidence -> capability recorded,"Authenticated, regional, transactional and edge-case behavior not exercised unless explicitly stated.",Observed document/policy/order artifact where stated; otherwise no document submitted or generated.,No personal data submitted; public pages may display supplier/user content and policies describe account/transaction data.,Do not generalize a sampled listing or publisher claim beyond its stated scope; region and account state may change behavior.,TNS; CS; CMP; LEG,Capability implication is limited to the cited public evidence and access mode.,,,"Preserve this capability as a stateful, evidence-linked record; keep unknown/auth-only behavior explicit.",,,,,,,,,,,
D52.1,D52,D51-D60 Trust,buyer_verification,What buyer KYB/verification badge exists?,observed,Privacy/Help material indicates buyer identity stages and verification materials may exist; no public buyer badge was observed.,https://rulechannel.alibaba.com/icbu?type=detail&ruleId=2034&cId=1306#/rule/detail?cId=1306&ruleId=2034,official-policy,2026-08-24,Amsterdam/NL sandbox; guest mode; delivery context observed as US on homepage/PDP,"guest; no account, message, RFQ, order or payment submitted",medium,buyer; seller; platform moderator/support,Capability-specific user intent or prerequisite described by the dimension question.,Privacy/Help material indicates buyer identity stages and verification materials may exist; no public buyer badge was observed.,https://rulechannel.alibaba.com/icbu?type=detail&ruleId=2034&cId=1306#/rule/detail?cId=1306&ruleId=2034,Buyer Verification,buyer_verification.evaluated,guest/public evidence -> capability recorded,"Authenticated, regional, transactional and edge-case behavior not exercised unless explicitly stated.",Observed document/policy/order artifact where stated; otherwise no document submitted or generated.,No personal data submitted; public pages may display supplier/user content and policies describe account/transaction data.,Do not generalize a sampled listing or publisher claim beyond its stated scope; region and account state may change behavior.,TNS; CS; CMP; LEG,Capability implication is limited to the cited public evidence and access mode.,,,"Preserve this capability as a stateful, evidence-linked record; keep unknown/auth-only behavior explicit.",,,,,,,,,,,
D53.1,D53,D51-D60 Trust,badges_certifications,Where are trust marks shown?,observed,Buyer guide explains seller badges; sample PDP shows order protection and supplier performance cues.,https://buyer.alibaba.com/page/HowItWorks/Page.html,direct-public-page,2026-08-24,Amsterdam/NL sandbox; guest mode; delivery context observed as US on homepage/PDP,"guest; no account, message, RFQ, order or payment submitted",high,buyer; seller; platform moderator/support,Capability-specific user intent or prerequisite described by the dimension question.,Buyer guide explains seller badges; sample PDP shows order protection and supplier performance cues.,https://buyer.alibaba.com/page/HowItWorks/Page.html,Badges Certifications,badges_certifications.evaluated,guest/public evidence -> capability recorded,"Authenticated, regional, transactional and edge-case behavior not exercised unless explicitly stated.",Observed document/policy/order artifact where stated; otherwise no document submitted or generated.,No personal data submitted; public pages may display supplier/user content and policies describe account/transaction data.,Do not generalize a sampled listing or publisher claim beyond its stated scope; region and account state may change behavior.,TNS; CS; CMP; LEG,Capability implication is limited to the cited public evidence and access mode.,,,"Preserve this capability as a stateful, evidence-linked record; keep unknown/auth-only behavior explicit.",,,,,,,,,,,
D54.1,D54,D51-D60 Trust,ratings_reviews,Are buyer ratings/reviews visible?,observed,"Sample PDP shows product/store reviews, verified-purchase markers, service/shipping/quality subratings and supplier replies.",https://www.alibaba.com/product-detail/STARLII-Low-Moq-Small-Mini-Beer_1601254764933.html,direct-public-page,2026-08-24,Amsterdam/NL sandbox; guest mode; delivery context observed as US on homepage/PDP,"guest; no account, message, RFQ, order or payment submitted",high,buyer; seller; platform moderator/support,Capability-specific user intent or prerequisite described by the dimension question.,"Sample PDP shows product/store reviews, verified-purchase markers, service/shipping/quality subratings and supplier replies.",https://www.alibaba.com/product-detail/STARLII-Low-Moq-Small-Mini-Beer_1601254764933.html,Ratings Reviews,ratings_reviews.evaluated,guest/public evidence -> capability recorded,"Authenticated, regional, transactional and edge-case behavior not exercised unless explicitly stated.",Observed document/policy/order artifact where stated; otherwise no document submitted or generated.,No personal data submitted; public pages may display supplier/user content and policies describe account/transaction data.,Do not generalize a sampled listing or publisher claim beyond its stated scope; region and account state may change behavior.,TNS; CS; CMP; LEG,Capability implication is limited to the cited public evidence and access mode.,,,"Preserve this capability as a stateful, evidence-linked record; keep unknown/auth-only behavior explicit.",,,,,,,,,,,
D55.1,D55,D51-D60 Trust,fraud_reporting,Is a dedicated fraud/report action visible?,observed-not-found,A dedicated in-context fraud-report control was not observed on the sampled PDP.,https://www.alibaba.com/product-detail/STARLII-Low-Moq-Small-Mini-Beer_1601254764933.html,direct-public-page,2026-08-24,Amsterdam/NL sandbox; guest mode; delivery context observed as US on homepage/PDP,"guest; no account, message, RFQ, order or payment submitted",medium,buyer; seller; platform moderator/support,Capability-specific user intent or prerequisite described by the dimension question.,A dedicated in-context fraud-report control was not observed on the sampled PDP.,https://www.alibaba.com/product-detail/STARLII-Low-Moq-Small-Mini-Beer_1601254764933.html,Fraud Reporting,fraud_reporting.evaluated,guest/public evidence -> observed-not-found,No overflow/report menu was activated.,Observed document/policy/order artifact where stated; otherwise no document submitted or generated.,No personal data submitted; public pages may display supplier/user content and policies describe account/transaction data.,Do not generalize a sampled listing or publisher claim beyond its stated scope; region and account state may change behavior.,TNS; CS; CMP; LEG,Capability implication is limited to the cited public evidence and access mode.,No overflow/report menu was activated.,Inspect guest and authenticated report flows manually.,"Preserve this capability as a stateful, evidence-linked record; keep unknown/auth-only behavior explicit.",,,,,,,,,,,
D56.1,D56,D51-D60 Trust,moderation,Are prohibited conduct and enforcement rights documented?,observed,"Terms reserve removal/rejection of unlawful, infringing or harmful user content and account/order actions for non-compliance.",https://rulechannel.alibaba.com/icbu?type=detail&ruleId=2041&cId=1307#/rule/detail?ruleId=2041&cId=1307,official-policy,2026-08-24,Amsterdam/NL sandbox; guest mode; delivery context observed as US on homepage/PDP,"guest; no account, message, RFQ, order or payment submitted",high,buyer; seller; platform moderator/support,Capability-specific user intent or prerequisite described by the dimension question.,"Terms reserve removal/rejection of unlawful, infringing or harmful user content and account/order actions for non-compliance.",https://rulechannel.alibaba.com/icbu?type=detail&ruleId=2041&cId=1307#/rule/detail?ruleId=2041&cId=1307,Moderation,moderation.evaluated,guest/public evidence -> capability recorded,"Authenticated, regional, transactional and edge-case behavior not exercised unless explicitly stated.",Observed document/policy/order artifact where stated; otherwise no document submitted or generated.,No personal data submitted; public pages may display supplier/user content and policies describe account/transaction data.,Do not generalize a sampled listing or publisher claim beyond its stated scope; region and account state may change behavior.,TNS; CS; CMP; LEG,Capability implication is limited to the cited public evidence and access mode.,,,"Preserve this capability as a stateful, evidence-linked record; keep unknown/auth-only behavior explicit.",,,,,,,,,,,
D57.1,D57,D51-D60 Trust,customer_support,Is support accessible?,observed,Buyer Central and Help Center provide support/resources; exact channel availability and hours vary and were not tested.,https://buyer.alibaba.com/,direct-public-page,2026-08-24,Amsterdam/NL sandbox; guest mode; delivery context observed as US on homepage/PDP,"guest; no account, message, RFQ, order or payment submitted",medium,buyer; seller; platform moderator/support,Capability-specific user intent or prerequisite described by the dimension question.,Buyer Central and Help Center provide support/resources; exact channel availability and hours vary and were not tested.,https://buyer.alibaba.com/,Customer Support,customer_support.evaluated,guest/public evidence -> capability recorded,"Authenticated, regional, transactional and edge-case behavior not exercised unless explicitly stated.",Observed document/policy/order artifact where stated; otherwise no document submitted or generated.,No personal data submitted; public pages may display supplier/user content and policies describe account/transaction data.,Do not generalize a sampled listing or publisher claim beyond its stated scope; region and account state may change behavior.,TNS; CS; CMP; LEG,Capability implication is limited to the cited public evidence and access mode.,,,"Preserve this capability as a stateful, evidence-linked record; keep unknown/auth-only behavior explicit.",,,,,,,,,,,
D58.1,D58,D51-D60 Trust,support_sla,Are response/resolution SLAs published?,observed-not-found,No binding support response/resolution SLA was observed.,https://buyer.alibaba.com/,direct-public-page,2026-08-24,Amsterdam/NL sandbox; guest mode; delivery context observed as US on homepage/PDP,"guest; no account, message, RFQ, order or payment submitted",medium,buyer; seller; platform moderator/support,Capability-specific user intent or prerequisite described by the dimension question.,No binding support response/resolution SLA was observed.,https://buyer.alibaba.com/,Support Sla,support_sla.evaluated,guest/public evidence -> observed-not-found,"Marketing response metrics are supplier metrics, not support SLA.",Observed document/policy/order artifact where stated; otherwise no document submitted or generated.,No personal data submitted; public pages may display supplier/user content and policies describe account/transaction data.,Do not generalize a sampled listing or publisher claim beyond its stated scope; region and account state may change behavior.,TNS; CS; CMP; LEG,Capability implication is limited to the cited public evidence and access mode.,"Marketing response metrics are supplier metrics, not support SLA.",Review current service agreements and help-center contact terms.,"Preserve this capability as a stateful, evidence-linked record; keep unknown/auth-only behavior explicit.",,,,,,,,,,,
D59.1,D59,D51-D60 Trust,trust_education,Does platform educate buyers about verification?,observed,"Buyer guide educates on badges, questions, samples, inspection, Trade Assurance and keeping messages on-platform.",https://buyer.alibaba.com/page/HowItWorks/Page.html,direct-public-page,2026-08-24,Amsterdam/NL sandbox; guest mode; delivery context observed as US on homepage/PDP,"guest; no account, message, RFQ, order or payment submitted",high,buyer; seller; platform moderator/support,Capability-specific user intent or prerequisite described by the dimension question.,"Buyer guide educates on badges, questions, samples, inspection, Trade Assurance and keeping messages on-platform.",https://buyer.alibaba.com/page/HowItWorks/Page.html,Trust Education,trust_education.evaluated,guest/public evidence -> capability recorded,"Authenticated, regional, transactional and edge-case behavior not exercised unless explicitly stated.",Observed document/policy/order artifact where stated; otherwise no document submitted or generated.,No personal data submitted; public pages may display supplier/user content and policies describe account/transaction data.,Do not generalize a sampled listing or publisher claim beyond its stated scope; region and account state may change behavior.,TNS; CS; CMP; LEG,Capability implication is limited to the cited public evidence and access mode.,,,"Preserve this capability as a stateful, evidence-linked record; keep unknown/auth-only behavior explicit.",,,,,,,,,,,
D60.1,D60,D51-D60 Trust,enforcement_account_controls,Are account/content controls documented?,observed,"Terms describe compliance duties, sanctions/trade restrictions, content removal, account termination and order closure; Rules Center publishes product/trade/penalty rules.",https://rulechannel.alibaba.com/icbu?type=detail&ruleId=2041&cId=1307#/rule/detail?ruleId=2041&cId=1307,official-policy,2026-08-24,Amsterdam/NL sandbox; guest mode; delivery context observed as US on homepage/PDP,"guest; no account, message, RFQ, order or payment submitted",high,buyer; seller; platform moderator/support,Capability-specific user intent or prerequisite described by the dimension question.,"Terms describe compliance duties, sanctions/trade restrictions, content removal, account termination and order closure; Rules Center publishes product/trade/penalty rules.",https://rulechannel.alibaba.com/icbu?type=detail&ruleId=2041&cId=1307#/rule/detail?ruleId=2041&cId=1307,Enforcement Account Controls,enforcement_account_controls.evaluated,guest/public evidence -> capability recorded,"Authenticated, regional, transactional and edge-case behavior not exercised unless explicitly stated.",Observed document/policy/order artifact where stated; otherwise no document submitted or generated.,No personal data submitted; public pages may display supplier/user content and policies describe account/transaction data.,Do not generalize a sampled listing or publisher claim beyond its stated scope; region and account state may change behavior.,TNS; CS; CMP; LEG,Capability implication is limited to the cited public evidence and access mode.,,,"Preserve this capability as a stateful, evidence-linked record; keep unknown/auth-only behavior explicit.",,,,,,,,,,,
D61.1,D61,D61-D68 Technical,language_localization,Which language/localization capabilities are visible?,observed,Homepage offers language/currency selector; Buyer Central claims 16 translated languages; app translation quality was not tested.,https://buyer.alibaba.com/,direct-public-page,2026-08-24,Amsterdam/NL sandbox; guest mode; delivery context observed as US on homepage/PDP,"guest; no account, message, RFQ, order or payment submitted",medium,guest/member; platform,Capability-specific user intent or prerequisite described by the dimension question.,Homepage offers language/currency selector; Buyer Central claims 16 translated languages; app translation quality was not tested.,https://buyer.alibaba.com/,Language Localization,language_localization.evaluated,guest/public evidence -> capability recorded,"Authenticated, regional, transactional and edge-case behavior not exercised unless explicitly stated.",Observed document/policy/order artifact where stated; otherwise no document submitted or generated.,No personal data submitted; public pages may display supplier/user content and policies describe account/transaction data.,Do not generalize a sampled listing or publisher claim beyond its stated scope; region and account state may change behavior.,UX; LOC; SEO; ENG,Capability implication is limited to the cited public evidence and access mode.,,,"Preserve this capability as a stateful, evidence-linked record; keep unknown/auth-only behavior explicit.",translated languages claimed,16,languages,not applicable,current Buyer Central snapshot,global platform,interface/translation claim,publisher-stated value,Alibaba.com,Alibaba Buyer Central,publication date not stated
D62.1,D62,D61-D68 Technical,currency,Which currencies are displayed?,observed,"Homepage shows locale currency and sample PDP prices USD; payment/wire page lists multiple currencies, but actual availability is regional.",https://www.alibaba.com/,direct-public-page,2026-08-24,Amsterdam/NL sandbox; guest mode; delivery context observed as US on homepage/PDP,"guest; no account, message, RFQ, order or payment submitted",high,guest/member; platform,Capability-specific user intent or prerequisite described by the dimension question.,"Homepage shows locale currency and sample PDP prices USD; payment/wire page lists multiple currencies, but actual availability is regional.",https://www.alibaba.com/,Currency,currency.evaluated,guest/public evidence -> capability recorded,"Authenticated, regional, transactional and edge-case behavior not exercised unless explicitly stated.",Observed document/policy/order artifact where stated; otherwise no document submitted or generated.,No personal data submitted; public pages may display supplier/user content and policies describe account/transaction data.,Do not generalize a sampled listing or publisher claim beyond its stated scope; region and account state may change behavior.,UX; LOC; SEO; ENG,Capability implication is limited to the cited public evidence and access mode.,,,"Preserve this capability as a stateful, evidence-linked record; keep unknown/auth-only behavior explicit.",,,,,,,,,,,
D63.1,D63,D61-D68 Technical,country_region,How is region represented?,observed,Homepage delivery destination defaults to observed IP/region context; Terms state services vary by region/country.,https://rulechannel.alibaba.com/icbu?type=detail&ruleId=2041&cId=1307#/rule/detail?ruleId=2041&cId=1307,official-policy,2026-08-24,Amsterdam/NL sandbox; guest mode; delivery context observed as US on homepage/PDP,"guest; no account, message, RFQ, order or payment submitted",high,guest/member; platform,Capability-specific user intent or prerequisite described by the dimension question.,Homepage delivery destination defaults to observed IP/region context; Terms state services vary by region/country.,https://rulechannel.alibaba.com/icbu?type=detail&ruleId=2041&cId=1307#/rule/detail?ruleId=2041&cId=1307,Country Region,country_region.evaluated,guest/public evidence -> capability recorded,"Authenticated, regional, transactional and edge-case behavior not exercised unless explicitly stated.",Observed document/policy/order artifact where stated; otherwise no document submitted or generated.,No personal data submitted; public pages may display supplier/user content and policies describe account/transaction data.,Do not generalize a sampled listing or publisher claim beyond its stated scope; region and account state may change behavior.,UX; LOC; SEO; ENG,Capability implication is limited to the cited public evidence and access mode.,,,"Preserve this capability as a stateful, evidence-linked record; keep unknown/auth-only behavior explicit.",,,,,,,,,,,
D64.1,D64,D61-D68 Technical,seo_metadata,Are basic SEO signals visible?,observed,"Homepage/PDP expose descriptive titles, category URLs and product structured content; schema/canonical tags were not exhaustively audited.",https://www.alibaba.com/product-detail/STARLII-Low-Moq-Small-Mini-Beer_1601254764933.html,direct-public-page,2026-08-24,Amsterdam/NL sandbox; guest mode; delivery context observed as US on homepage/PDP,"guest; no account, message, RFQ, order or payment submitted",medium,guest/member; platform,Capability-specific user intent or prerequisite described by the dimension question.,"Homepage/PDP expose descriptive titles, category URLs and product structured content; schema/canonical tags were not exhaustively audited.",https://www.alibaba.com/product-detail/STARLII-Low-Moq-Small-Mini-Beer_1601254764933.html,Seo Metadata,seo_metadata.evaluated,guest/public evidence -> capability recorded,"Authenticated, regional, transactional and edge-case behavior not exercised unless explicitly stated.",Observed document/policy/order artifact where stated; otherwise no document submitted or generated.,No personal data submitted; public pages may display supplier/user content and policies describe account/transaction data.,Do not generalize a sampled listing or publisher claim beyond its stated scope; region and account state may change behavior.,UX; LOC; SEO; ENG,Capability implication is limited to the cited public evidence and access mode.,,,"Preserve this capability as a stateful, evidence-linked record; keep unknown/auth-only behavior explicit.",,,,,,,,,,,
D65.1,D65,D61-D68 Technical,url_patterns,Are page-type URL patterns stable and descriptive?,observed,"Observed URL patterns include /category/, /product-detail/, buyer pages, seller pages, help and Rules Center paths.",https://www.alibaba.com/,direct-public-page,2026-08-24,Amsterdam/NL sandbox; guest mode; delivery context observed as US on homepage/PDP,"guest; no account, message, RFQ, order or payment submitted",high,guest/member; platform,Capability-specific user intent or prerequisite described by the dimension question.,"Observed URL patterns include /category/, /product-detail/, buyer pages, seller pages, help and Rules Center paths.",https://www.alibaba.com/,Url Patterns,url_patterns.evaluated,guest/public evidence -> capability recorded,"Authenticated, regional, transactional and edge-case behavior not exercised unless explicitly stated.",Observed document/policy/order artifact where stated; otherwise no document submitted or generated.,No personal data submitted; public pages may display supplier/user content and policies describe account/transaction data.,Do not generalize a sampled listing or publisher claim beyond its stated scope; region and account state may change behavior.,UX; LOC; SEO; ENG,Capability implication is limited to the cited public evidence and access mode.,,,"Preserve this capability as a stateful, evidence-linked record; keep unknown/auth-only behavior explicit.",,,,,,,,,,,
D66.1,D66,D61-D68 Technical,mobile_responsive,Is mobile behavior validated?,observed-not-found,Responsive behavior was not tested at defined mobile viewports.,https://www.alibaba.com/,direct-public-page,2026-08-24,Amsterdam/NL sandbox; guest mode; delivery context observed as US on homepage/PDP,"guest; no account, message, RFQ, order or payment submitted",medium,guest/member; platform,Capability-specific user intent or prerequisite described by the dimension question.,Responsive behavior was not tested at defined mobile viewports.,https://www.alibaba.com/,Mobile Responsive,mobile_responsive.evaluated,guest/public evidence -> observed-not-found,Text retrieval is not a viewport test.,Observed document/policy/order artifact where stated; otherwise no document submitted or generated.,No personal data submitted; public pages may display supplier/user content and policies describe account/transaction data.,Do not generalize a sampled listing or publisher claim beyond its stated scope; region and account state may change behavior.,UX; LOC; SEO; ENG,Capability implication is limited to the cited public evidence and access mode.,Text retrieval is not a viewport test.,Run manual device/viewport checks in UX task.,"Preserve this capability as a stateful, evidence-linked record; keep unknown/auth-only behavior explicit.",,,,,,,,,,,
D67.1,D67,D61-D68 Technical,accessibility,Are WCAG/keyboard/screen-reader outcomes validated?,observed-not-found,"Keyboard, screen-reader, contrast and WCAG conformance were not tested.",https://www.alibaba.com/,direct-public-page,2026-08-24,Amsterdam/NL sandbox; guest mode; delivery context observed as US on homepage/PDP,"guest; no account, message, RFQ, order or payment submitted",medium,guest/member; platform,Capability-specific user intent or prerequisite described by the dimension question.,"Keyboard, screen-reader, contrast and WCAG conformance were not tested.",https://www.alibaba.com/,Accessibility,accessibility.evaluated,guest/public evidence -> observed-not-found,No accessibility test tool/session was used.,Observed document/policy/order artifact where stated; otherwise no document submitted or generated.,No personal data submitted; public pages may display supplier/user content and policies describe account/transaction data.,Do not generalize a sampled listing or publisher claim beyond its stated scope; region and account state may change behavior.,UX; LOC; SEO; ENG,Capability implication is limited to the cited public evidence and access mode.,No accessibility test tool/session was used.,Run a scoped accessibility audit with tool versions and page sample.,"Preserve this capability as a stateful, evidence-linked record; keep unknown/auth-only behavior explicit.",,,,,,,,,,,
D68.1,D68,D61-D68 Technical,performance,Are load/performance metrics measured?,observed-not-found,Web Vitals/load metrics were not measured.,https://www.alibaba.com/,direct-public-page,2026-08-24,Amsterdam/NL sandbox; guest mode; delivery context observed as US on homepage/PDP,"guest; no account, message, RFQ, order or payment submitted",medium,guest/member; platform,Capability-specific user intent or prerequisite described by the dimension question.,Web Vitals/load metrics were not measured.,https://www.alibaba.com/,Performance,performance.evaluated,guest/public evidence -> observed-not-found,No controlled performance harness was run.,Observed document/policy/order artifact where stated; otherwise no document submitted or generated.,No personal data submitted; public pages may display supplier/user content and policies describe account/transaction data.,Do not generalize a sampled listing or publisher claim beyond its stated scope; region and account state may change behavior.,UX; LOC; SEO; ENG,Capability implication is limited to the cited public evidence and access mode.,No controlled performance harness was run.,Measure by region/device/cache with repeated runs.,"Preserve this capability as a stateful, evidence-linked record; keep unknown/auth-only behavior explicit.",,,,,,,,,,,
D69.1,D69,D69-D73 Commercial/policy,revenue_model,What monetization is publicly evidenced?,observed,"US seller page publishes annual Basic, Standard and Professional memberships with differentiated RFQ/advertising/onboarding benefits.",https://seller.alibaba.com/us,official-guidance,2026-08-24,Amsterdam/NL sandbox; guest mode; delivery context observed as US on homepage/PDP,"guest; no account, message, RFQ, order or payment submitted",high,seller; buyer; platform,Capability-specific user intent or prerequisite described by the dimension question.,"US seller page publishes annual Basic, Standard and Professional memberships with differentiated RFQ/advertising/onboarding benefits.",https://seller.alibaba.com/us,Revenue Model,revenue_model.evaluated,guest/public evidence -> capability recorded,"Authenticated, regional, transactional and edge-case behavior not exercised unless explicitly stated.",Observed document/policy/order artifact where stated; otherwise no document submitted or generated.,No personal data submitted; public pages may display supplier/user content and policies describe account/transaction data.,Do not generalize a sampled listing or publisher claim beyond its stated scope; region and account state may change behavior.,PM; FIN; LEG; DATA,Capability implication is limited to the cited public evidence and access mode.,,,"Preserve this capability as a stateful, evidence-linked record; keep unknown/auth-only behavior explicit.",US Basic seller membership,1999,USD per year,USD,annual,United States seller site,supplier membership,direct transcription,Alibaba.com,Alibaba.com US Seller Pricing & Plans,publication date not stated
D70.1,D70,D69-D73 Commercial/policy,advertising_promoted_listings,Are paid exposure products evidenced?,observed,"Seller page documents keyword advertising credits, hero product spotlight and storefront rating boost; Terms include sponsored listing/promotion services.",https://seller.alibaba.com/us,official-guidance,2026-08-24,Amsterdam/NL sandbox; guest mode; delivery context observed as US on homepage/PDP,"guest; no account, message, RFQ, order or payment submitted",high,seller; buyer; platform,Capability-specific user intent or prerequisite described by the dimension question.,"Seller page documents keyword advertising credits, hero product spotlight and storefront rating boost; Terms include sponsored listing/promotion services.",https://seller.alibaba.com/us,Advertising Promoted Listings,advertising_promoted_listings.evaluated,guest/public evidence -> capability recorded,"Authenticated, regional, transactional and edge-case behavior not exercised unless explicitly stated.",Observed document/policy/order artifact where stated; otherwise no document submitted or generated.,No personal data submitted; public pages may display supplier/user content and policies describe account/transaction data.,Do not generalize a sampled listing or publisher claim beyond its stated scope; region and account state may change behavior.,PM; FIN; LEG; DATA,Capability implication is limited to the cited public evidence and access mode.,,,"Preserve this capability as a stateful, evidence-linked record; keep unknown/auth-only behavior explicit.",Standard keyword advertising credits,1000,credits,not applicable,annual package entitlement,United States seller site,seller promotion entitlement,direct transcription,Alibaba.com,Alibaba.com US Seller Pricing & Plans,publication date not stated
D71.1,D71,D69-D73 Commercial/policy,promotions_merchandising,Are promotions/editorial merchandising visible?,observed,Homepage presents personalized/category merchandising; paid versus organic provenance was not determined.,https://www.alibaba.com/,direct-public-page,2026-08-24,Amsterdam/NL sandbox; guest mode; delivery context observed as US on homepage/PDP,"guest; no account, message, RFQ, order or payment submitted",medium,seller; buyer; platform,Capability-specific user intent or prerequisite described by the dimension question.,Homepage presents personalized/category merchandising; paid versus organic provenance was not determined.,https://www.alibaba.com/,Promotions Merchandising,promotions_merchandising.evaluated,guest/public evidence -> capability recorded,"Authenticated, regional, transactional and edge-case behavior not exercised unless explicitly stated.",Observed document/policy/order artifact where stated; otherwise no document submitted or generated.,No personal data submitted; public pages may display supplier/user content and policies describe account/transaction data.,Do not generalize a sampled listing or publisher claim beyond its stated scope; region and account state may change behavior.,PM; FIN; LEG; DATA,Capability implication is limited to the cited public evidence and access mode.,,,"Preserve this capability as a stateful, evidence-linked record; keep unknown/auth-only behavior explicit.",,,,,,,,,,,
D72.1,D72,D69-D73 Commercial/policy,api_integrations,Are APIs or integrations evidenced?,observed,"Seller page advertises one-click importing from Amazon, Shopify, Shein and others; logistics/payment integrations are documented, but public developer API was not verified.",https://seller.alibaba.com/us,official-guidance,2026-08-24,Amsterdam/NL sandbox; guest mode; delivery context observed as US on homepage/PDP,"guest; no account, message, RFQ, order or payment submitted",medium,seller; buyer; platform,Capability-specific user intent or prerequisite described by the dimension question.,"Seller page advertises one-click importing from Amazon, Shopify, Shein and others; logistics/payment integrations are documented, but public developer API was not verified.",https://seller.alibaba.com/us,Api Integrations,api_integrations.evaluated,guest/public evidence -> capability recorded,"Authenticated, regional, transactional and edge-case behavior not exercised unless explicitly stated.",Observed document/policy/order artifact where stated; otherwise no document submitted or generated.,No personal data submitted; public pages may display supplier/user content and policies describe account/transaction data.,Do not generalize a sampled listing or publisher claim beyond its stated scope; region and account state may change behavior.,PM; FIN; LEG; DATA,Capability implication is limited to the cited public evidence and access mode.,,,"Preserve this capability as a stateful, evidence-linked record; keep unknown/auth-only behavior explicit.",,,,,,,,,,,
D73.1,D73,D69-D73 Commercial/policy,data_content_policies,Which data/content policies apply?,observed,"Current Terms, Privacy Policy, Product Listing/Rules Center govern user content, transactions, personal data and compliance; versions/regions can differ.",https://rulechannel.alibaba.com/icbu?type=detail&ruleId=2034&cId=1306#/rule/detail?cId=1306&ruleId=2034,official-policy,2026-08-24,Amsterdam/NL sandbox; guest mode; delivery context observed as US on homepage/PDP,"guest; no account, message, RFQ, order or payment submitted",high,seller; buyer; platform,Capability-specific user intent or prerequisite described by the dimension question.,"Current Terms, Privacy Policy, Product Listing/Rules Center govern user content, transactions, personal data and compliance; versions/regions can differ.",https://rulechannel.alibaba.com/icbu?type=detail&ruleId=2034&cId=1306#/rule/detail?cId=1306&ruleId=2034,Data Content Policies,data_content_policies.evaluated,guest/public evidence -> capability recorded,"Authenticated, regional, transactional and edge-case behavior not exercised unless explicitly stated.",Observed document/policy/order artifact where stated; otherwise no document submitted or generated.,No personal data submitted; public pages may display supplier/user content and policies describe account/transaction data.,Do not generalize a sampled listing or publisher claim beyond its stated scope; region and account state may change behavior.,PM; FIN; LEG; DATA,Capability implication is limited to the cited public evidence and access mode.,,,"Preserve this capability as a stateful, evidence-linked record; keep unknown/auth-only behavior explicit.",,,,,,,,,,,
