site,record_id,dimension_id,group,field_name,question,evidence_state,observed_fact,evidence_url,evidence_type,observed_at,region,access_mode,confidence,actor,input,output,page_module,entity,event,state,error_exception,document,personal_data,risk,handoff,inference,gap_reason,next_method,product_implication,metric_name,metric_value,metric_unit,metric_currency,metric_period,metric_territory,metric_classification,metric_method,metric_publisher,source_title,source_publication_date
tradekey,tradekey:D00.1,D00,D00 Positioning,positioning_audience_geography,"What is the platform position, audience, geography, category breadth and proposition?",observed,TradeKey publicly presents a B2B marketplace connecting buyers/importers with suppliers/exporters.,https://www.tradekey.com/,direct-public-page,2026-08-24,Amsterdam/NL sandbox; guest mode,"guest; no account, RFQ, message, order or payment",high,buyer/seller/platform as applicable,dimension-specific intent,TradeKey publicly presents a B2B marketplace connecting buyers/importers with suppliers/exporters.,https://www.tradekey.com/,Positioning Audience Geography,positioning_audience_geography.evaluated,public -> recorded,Authenticated and transaction edge cases not executed,No real document generated,No personal data submitted,Do not generalize evidence across the three sites or infer transaction protection,PM/UX/ENG/SUP/BUY plus specialist,Inference limited to TradeKey evidence only,,,"Preserve site identity, confidence, state, regional scope and unknowns",members claimed,11 million+,importers/exporters,not applicable,homepage snapshot,global,audience claim,publisher-stated,TradeKey,Homepage,dynamic
tradekey,tradekey:D01.1,D01,D01-D10 Discovery,home_page,What does the guest homepage expose?,observed,Public TradeKey evidence supports this directory/lead/policy capability at a high level; transaction execution was not observed.,https://www.tradekey.com/,direct-public-page,2026-08-24,Amsterdam/NL sandbox; guest mode,"guest; no account, RFQ, message, order or payment",medium,buyer/seller/platform as applicable,dimension-specific intent,Public TradeKey evidence supports this directory/lead/policy capability at a high level; transaction execution was not observed.,https://www.tradekey.com/,Home Page,home_page.evaluated,public -> recorded,Authenticated and transaction edge cases not executed,No real document generated,No personal data submitted,Do not generalize evidence across the three sites or infer transaction protection,PM/UX/ENG/SUP/BUY plus specialist,Inference limited to TradeKey evidence only,,,"Preserve site identity, confidence, state, regional scope and unknowns",,,,,,,,,,,
tradekey,tradekey:D02.1,D02,D01-D10 Discovery,global_navigation,Are core destinations visible?,observed,Public TradeKey evidence supports this directory/lead/policy capability at a high level; transaction execution was not observed.,https://www.tradekey.com/,direct-public-page,2026-08-24,Amsterdam/NL sandbox; guest mode,"guest; no account, RFQ, message, order or payment",medium,buyer/seller/platform as applicable,dimension-specific intent,Public TradeKey evidence supports this directory/lead/policy capability at a high level; transaction execution was not observed.,https://www.tradekey.com/,Global Navigation,global_navigation.evaluated,public -> recorded,Authenticated and transaction edge cases not executed,No real document generated,No personal data submitted,Do not generalize evidence across the three sites or infer transaction protection,PM/UX/ENG/SUP/BUY plus specialist,Inference limited to TradeKey evidence only,,,"Preserve site identity, confidence, state, regional scope and unknowns",,,,,,,,,,,
tradekey,tradekey:D03.1,D03,D01-D10 Discovery,search_entry,What search scopes and input constraints are visible?,observed,TradeKey public pages expose category/search/product-or-supplier discovery cues; depth varies and no authenticated action was executed.,https://www.tradekey.com/,direct-public-page,2026-08-24,Amsterdam/NL sandbox; guest mode,"guest; no account, RFQ, message, order or payment",medium,buyer/seller/platform as applicable,dimension-specific intent,TradeKey public pages expose category/search/product-or-supplier discovery cues; depth varies and no authenticated action was executed.,https://www.tradekey.com/,Search Entry,search_entry.evaluated,public -> recorded,Authenticated and transaction edge cases not executed,No real document generated,No personal data submitted,Do not generalize evidence across the three sites or infer transaction protection,PM/UX/ENG/SUP/BUY plus specialist,Inference limited to TradeKey evidence only,,,"Preserve site identity, confidence, state, regional scope and unknowns",,,,,,,,,,,
tradekey,tradekey:D04.1,D04,D01-D10 Discovery,search_results,What result layout and count appear for a reproducible query?,observed,TradeKey public pages expose category/search/product-or-supplier discovery cues; depth varies and no authenticated action was executed.,https://www.tradekey.com/,direct-public-page,2026-08-24,Amsterdam/NL sandbox; guest mode,"guest; no account, RFQ, message, order or payment",medium,buyer/seller/platform as applicable,dimension-specific intent,TradeKey public pages expose category/search/product-or-supplier discovery cues; depth varies and no authenticated action was executed.,https://www.tradekey.com/,Search Results,search_results.evaluated,public -> recorded,Authenticated and transaction edge cases not executed,No real document generated,No personal data submitted,Do not generalize evidence across the three sites or infer transaction protection,PM/UX/ENG/SUP/BUY plus specialist,Inference limited to TradeKey evidence only,,,"Preserve site identity, confidence, state, regional scope and unknowns",,,,,,,,,,,
tradekey,tradekey:D05.1,D05,D01-D10 Discovery,category_taxonomy,Is a category hierarchy visible?,observed,TradeKey public pages expose category/search/product-or-supplier discovery cues; depth varies and no authenticated action was executed.,https://www.tradekey.com/,direct-public-page,2026-08-24,Amsterdam/NL sandbox; guest mode,"guest; no account, RFQ, message, order or payment",medium,buyer/seller/platform as applicable,dimension-specific intent,TradeKey public pages expose category/search/product-or-supplier discovery cues; depth varies and no authenticated action was executed.,https://www.tradekey.com/,Category Taxonomy,category_taxonomy.evaluated,public -> recorded,Authenticated and transaction edge cases not executed,No real document generated,No personal data submitted,Do not generalize evidence across the three sites or infer transaction protection,PM/UX/ENG/SUP/BUY plus specialist,Inference limited to TradeKey evidence only,,,"Preserve site identity, confidence, state, regional scope and unknowns",,,,,,,,,,,
tradekey,tradekey:D06.1,D06,D01-D10 Discovery,filters,Are filters evidenced?,observed,TradeKey public pages expose category/search/product-or-supplier discovery cues; depth varies and no authenticated action was executed.,https://www.tradekey.com/,direct-public-page,2026-08-24,Amsterdam/NL sandbox; guest mode,"guest; no account, RFQ, message, order or payment",medium,buyer/seller/platform as applicable,dimension-specific intent,TradeKey public pages expose category/search/product-or-supplier discovery cues; depth varies and no authenticated action was executed.,https://www.tradekey.com/,Filters,filters.evaluated,public -> recorded,Authenticated and transaction edge cases not executed,No real document generated,No personal data submitted,Do not generalize evidence across the three sites or infer transaction protection,PM/UX/ENG/SUP/BUY plus specialist,Inference limited to TradeKey evidence only,,,"Preserve site identity, confidence, state, regional scope and unknowns",,,,,,,,,,,
tradekey,tradekey:D07.1,D07,D01-D10 Discovery,sorting,Which sort controls and defaults exist?,observed,TradeKey public pages expose category/search/product-or-supplier discovery cues; depth varies and no authenticated action was executed.,https://www.tradekey.com/,direct-public-page,2026-08-24,Amsterdam/NL sandbox; guest mode,"guest; no account, RFQ, message, order or payment",medium,buyer/seller/platform as applicable,dimension-specific intent,TradeKey public pages expose category/search/product-or-supplier discovery cues; depth varies and no authenticated action was executed.,https://www.tradekey.com/,Sorting,sorting.evaluated,public -> recorded,Authenticated and transaction edge cases not executed,No real document generated,No personal data submitted,Do not generalize evidence across the three sites or infer transaction protection,PM/UX/ENG/SUP/BUY plus specialist,Inference limited to TradeKey evidence only,,,"Preserve site identity, confidence, state, regional scope and unknowns",,,,,,,,,,,
tradekey,tradekey:D08.1,D08,D01-D10 Discovery,listing_card,What appears on a guest product card?,observed,TradeKey public pages expose category/search/product-or-supplier discovery cues; depth varies and no authenticated action was executed.,https://www.tradekey.com/,direct-public-page,2026-08-24,Amsterdam/NL sandbox; guest mode,"guest; no account, RFQ, message, order or payment",medium,buyer/seller/platform as applicable,dimension-specific intent,TradeKey public pages expose category/search/product-or-supplier discovery cues; depth varies and no authenticated action was executed.,https://www.tradekey.com/,Listing Card,listing_card.evaluated,public -> recorded,Authenticated and transaction edge cases not executed,No real document generated,No personal data submitted,Do not generalize evidence across the three sites or infer transaction protection,PM/UX/ENG/SUP/BUY plus specialist,Inference limited to TradeKey evidence only,,,"Preserve site identity, confidence, state, regional scope and unknowns",,,,,,,,,,,
tradekey,tradekey:D09.1,D09,D01-D10 Discovery,product_detail,Which product fields/actions appear?,observed,TradeKey public pages expose category/search/product-or-supplier discovery cues; depth varies and no authenticated action was executed.,https://www.tradekey.com/,direct-public-page,2026-08-24,Amsterdam/NL sandbox; guest mode,"guest; no account, RFQ, message, order or payment",medium,buyer/seller/platform as applicable,dimension-specific intent,TradeKey public pages expose category/search/product-or-supplier discovery cues; depth varies and no authenticated action was executed.,https://www.tradekey.com/,Product Detail,product_detail.evaluated,public -> recorded,Authenticated and transaction edge cases not executed,No real document generated,No personal data submitted,Do not generalize evidence across the three sites or infer transaction protection,PM/UX/ENG/SUP/BUY plus specialist,Inference limited to TradeKey evidence only,,,"Preserve site identity, confidence, state, regional scope and unknowns",,,,,,,,,,,
tradekey,tradekey:D10.1,D10,D01-D10 Discovery,supplier_detail,Which supplier fields/actions appear?,observed,TradeKey public pages expose category/search/product-or-supplier discovery cues; depth varies and no authenticated action was executed.,https://www.tradekey.com/,direct-public-page,2026-08-24,Amsterdam/NL sandbox; guest mode,"guest; no account, RFQ, message, order or payment",medium,buyer/seller/platform as applicable,dimension-specific intent,TradeKey public pages expose category/search/product-or-supplier discovery cues; depth varies and no authenticated action was executed.,https://www.tradekey.com/,Supplier Detail,supplier_detail.evaluated,public -> recorded,Authenticated and transaction edge cases not executed,No real document generated,No personal data submitted,Do not generalize evidence across the three sites or infer transaction protection,PM/UX/ENG/SUP/BUY plus specialist,Inference limited to TradeKey evidence only,,,"Preserve site identity, confidence, state, regional scope and unknowns",,,,,,,,,,,
tradekey,tradekey:D11.1,D11,D11-D20 Identity,registration_entry,Is registration entry visible?,observed,TradeKey exposes signup/login and buyer/supplier roles; exact verification fields were not submitted.,https://www.tradekey.com/,direct-public-page,2026-08-24,Amsterdam/NL sandbox; guest mode,"guest; no account, RFQ, message, order or payment",medium,buyer/seller/platform as applicable,dimension-specific intent,TradeKey exposes signup/login and buyer/supplier roles; exact verification fields were not submitted.,https://www.tradekey.com/,Registration Entry,registration_entry.evaluated,public -> recorded,Authenticated and transaction edge cases not executed,No real document generated,No personal data submitted,Do not generalize evidence across the three sites or infer transaction protection,PM/UX/ENG/SUP/BUY plus specialist,Inference limited to TradeKey evidence only,,,"Preserve site identity, confidence, state, regional scope and unknowns",,,,,,,,,,,
tradekey,tradekey:D12.1,D12,D11-D20 Identity,buyer_registration,What buyer registration inputs are documented?,observed,TradeKey exposes signup/login and buyer/supplier roles; exact verification fields were not submitted.,https://www.tradekey.com/,direct-public-page,2026-08-24,Amsterdam/NL sandbox; guest mode,"guest; no account, RFQ, message, order or payment",medium,buyer/seller/platform as applicable,dimension-specific intent,TradeKey exposes signup/login and buyer/supplier roles; exact verification fields were not submitted.,https://www.tradekey.com/,Buyer Registration,buyer_registration.evaluated,public -> recorded,Authenticated and transaction edge cases not executed,No real document generated,No personal data submitted,Do not generalize evidence across the three sites or infer transaction protection,PM/UX/ENG/SUP/BUY plus specialist,Inference limited to TradeKey evidence only,,,"Preserve site identity, confidence, state, regional scope and unknowns",,,,,,,,,,,
tradekey,tradekey:D13.1,D13,D11-D20 Identity,supplier_enrollment,What supplier enrollment path is public?,observed,TradeKey exposes signup/login and buyer/supplier roles; exact verification fields were not submitted.,https://www.tradekey.com/,direct-public-page,2026-08-24,Amsterdam/NL sandbox; guest mode,"guest; no account, RFQ, message, order or payment",medium,buyer/seller/platform as applicable,dimension-specific intent,TradeKey exposes signup/login and buyer/supplier roles; exact verification fields were not submitted.,https://www.tradekey.com/,Supplier Enrollment,supplier_enrollment.evaluated,public -> recorded,Authenticated and transaction edge cases not executed,No real document generated,No personal data submitted,Do not generalize evidence across the three sites or infer transaction protection,PM/UX/ENG/SUP/BUY plus specialist,Inference limited to TradeKey evidence only,,,"Preserve site identity, confidence, state, regional scope and unknowns",,,,,,,,,,,
tradekey,tradekey:D14.1,D14,D11-D20 Identity,login,Which login mechanisms are documented?,observed,TradeKey exposes signup/login and buyer/supplier roles; exact verification fields were not submitted.,https://www.tradekey.com/,direct-public-page,2026-08-24,Amsterdam/NL sandbox; guest mode,"guest; no account, RFQ, message, order or payment",medium,buyer/seller/platform as applicable,dimension-specific intent,TradeKey exposes signup/login and buyer/supplier roles; exact verification fields were not submitted.,https://www.tradekey.com/,Login,login.evaluated,public -> recorded,Authenticated and transaction edge cases not executed,No real document generated,No personal data submitted,Do not generalize evidence across the three sites or infer transaction protection,PM/UX/ENG/SUP/BUY plus specialist,Inference limited to TradeKey evidence only,,,"Preserve site identity, confidence, state, regional scope and unknowns",,,,,,,,,,,
tradekey,tradekey:D15.1,D15,D11-D20 Identity,role_selection,Is an explicit buyer/seller role-selection screen shown?,observed,TradeKey exposes signup/login and buyer/supplier roles; exact verification fields were not submitted.,https://www.tradekey.com/,direct-public-page,2026-08-24,Amsterdam/NL sandbox; guest mode,"guest; no account, RFQ, message, order or payment",medium,buyer/seller/platform as applicable,dimension-specific intent,TradeKey exposes signup/login and buyer/supplier roles; exact verification fields were not submitted.,https://www.tradekey.com/,Role Selection,role_selection.evaluated,public -> recorded,Authenticated and transaction edge cases not executed,No real document generated,No personal data submitted,Do not generalize evidence across the three sites or infer transaction protection,PM/UX/ENG/SUP/BUY plus specialist,Inference limited to TradeKey evidence only,,,"Preserve site identity, confidence, state, regional scope and unknowns",,,,,,,,,,,
tradekey,tradekey:D16.1,D16,D11-D20 Identity,email_verification,How is email verified?,observed-not-found,No sufficient public guest evidence was found for this TradeKey dimension.,https://www.tradekey.com/,direct-public-page,2026-08-24,Amsterdam/NL sandbox; guest mode,"guest; no account, RFQ, message, order or payment",medium,buyer/seller/platform as applicable,dimension-specific intent,No sufficient public guest evidence was found for this TradeKey dimension.,https://www.tradekey.com/,Email Verification,email_verification.evaluated,public -> observed-not-found,"The capability requires authentication, transaction evidence, policy detail, or a page not observed in this scope.",No real document generated,No personal data submitted,Do not generalize evidence across the three sites or infer transaction protection,PM/UX/ENG/SUP/BUY plus specialist,Inference limited to TradeKey evidence only,"The capability requires authentication, transaction evidence, policy detail, or a page not observed in this scope.",Inspect current official TradeKey help/policy or authorized account flow without real transaction.,"Preserve site identity, confidence, state, regional scope and unknowns",,,,,,,,,,,
tradekey,tradekey:D17.1,D17,D11-D20 Identity,mobile_verification,How is mobile verified?,observed-not-found,No sufficient public guest evidence was found for this TradeKey dimension.,https://www.tradekey.com/,direct-public-page,2026-08-24,Amsterdam/NL sandbox; guest mode,"guest; no account, RFQ, message, order or payment",medium,buyer/seller/platform as applicable,dimension-specific intent,No sufficient public guest evidence was found for this TradeKey dimension.,https://www.tradekey.com/,Mobile Verification,mobile_verification.evaluated,public -> observed-not-found,"The capability requires authentication, transaction evidence, policy detail, or a page not observed in this scope.",No real document generated,No personal data submitted,Do not generalize evidence across the three sites or infer transaction protection,PM/UX/ENG/SUP/BUY plus specialist,Inference limited to TradeKey evidence only,"The capability requires authentication, transaction evidence, policy detail, or a page not observed in this scope.",Inspect current official TradeKey help/policy or authorized account flow without real transaction.,"Preserve site identity, confidence, state, regional scope and unknowns",,,,,,,,,,,
tradekey,tradekey:D18.1,D18,D11-D20 Identity,company_onboarding,Is company information collected?,observed-not-found,No sufficient public guest evidence was found for this TradeKey dimension.,https://www.tradekey.com/,direct-public-page,2026-08-24,Amsterdam/NL sandbox; guest mode,"guest; no account, RFQ, message, order or payment",medium,buyer/seller/platform as applicable,dimension-specific intent,No sufficient public guest evidence was found for this TradeKey dimension.,https://www.tradekey.com/,Company Onboarding,company_onboarding.evaluated,public -> observed-not-found,"The capability requires authentication, transaction evidence, policy detail, or a page not observed in this scope.",No real document generated,No personal data submitted,Do not generalize evidence across the three sites or infer transaction protection,PM/UX/ENG/SUP/BUY plus specialist,Inference limited to TradeKey evidence only,"The capability requires authentication, transaction evidence, policy detail, or a page not observed in this scope.",Inspect current official TradeKey help/policy or authorized account flow without real transaction.,"Preserve site identity, confidence, state, regional scope and unknowns",,,,,,,,,,,
tradekey,tradekey:D19.1,D19,D11-D20 Identity,kyc_kyb_documents,Which exact KYB documents are mandatory at registration?,observed-not-found,No sufficient public guest evidence was found for this TradeKey dimension.,https://www.tradekey.com/,direct-public-page,2026-08-24,Amsterdam/NL sandbox; guest mode,"guest; no account, RFQ, message, order or payment",medium,buyer/seller/platform as applicable,dimension-specific intent,No sufficient public guest evidence was found for this TradeKey dimension.,https://www.tradekey.com/,Kyc Kyb Documents,kyc_kyb_documents.evaluated,public -> observed-not-found,"The capability requires authentication, transaction evidence, policy detail, or a page not observed in this scope.",No real document generated,No personal data submitted,Do not generalize evidence across the three sites or infer transaction protection,PM/UX/ENG/SUP/BUY plus specialist,Inference limited to TradeKey evidence only,"The capability requires authentication, transaction evidence, policy detail, or a page not observed in this scope.",Inspect current official TradeKey help/policy or authorized account flow without real transaction.,"Preserve site identity, confidence, state, regional scope and unknowns",,,,,,,,,,,
tradekey,tradekey:D20.1,D20,D11-D20 Identity,password_recovery,What recovery path is documented?,observed-not-found,No sufficient public guest evidence was found for this TradeKey dimension.,https://www.tradekey.com/,direct-public-page,2026-08-24,Amsterdam/NL sandbox; guest mode,"guest; no account, RFQ, message, order or payment",medium,buyer/seller/platform as applicable,dimension-specific intent,No sufficient public guest evidence was found for this TradeKey dimension.,https://www.tradekey.com/,Password Recovery,password_recovery.evaluated,public -> observed-not-found,"The capability requires authentication, transaction evidence, policy detail, or a page not observed in this scope.",No real document generated,No personal data submitted,Do not generalize evidence across the three sites or infer transaction protection,PM/UX/ENG/SUP/BUY plus specialist,Inference limited to TradeKey evidence only,"The capability requires authentication, transaction evidence, policy detail, or a page not observed in this scope.",Inspect current official TradeKey help/policy or authorized account flow without real transaction.,"Preserve site identity, confidence, state, regional scope and unknowns",,,,,,,,,,,
tradekey,tradekey:D21.1,D21,D21-D30 Supplier tools,dashboard,Is a supplier dashboard evidenced?,observed,TradeKey documents supplier membership/profile/catalog or lead tools on public pages; dashboard execution was not accessed.,https://www.tradekey.com/,direct-public-page,2026-08-24,Amsterdam/NL sandbox; guest mode,"guest; no account, RFQ, message, order or payment",medium,buyer/seller/platform as applicable,dimension-specific intent,TradeKey documents supplier membership/profile/catalog or lead tools on public pages; dashboard execution was not accessed.,https://www.tradekey.com/,Dashboard,dashboard.evaluated,public -> recorded,Authenticated and transaction edge cases not executed,No real document generated,No personal data submitted,Do not generalize evidence across the three sites or infer transaction protection,PM/UX/ENG/SUP/BUY plus specialist,Inference limited to TradeKey evidence only,,,"Preserve site identity, confidence, state, regional scope and unknowns",,,,,,,,,,,
tradekey,tradekey:D22.1,D22,D21-D30 Supplier tools,company_profile,Can suppliers maintain a profile?,observed,TradeKey documents supplier membership/profile/catalog or lead tools on public pages; dashboard execution was not accessed.,https://www.tradekey.com/,direct-public-page,2026-08-24,Amsterdam/NL sandbox; guest mode,"guest; no account, RFQ, message, order or payment",medium,buyer/seller/platform as applicable,dimension-specific intent,TradeKey documents supplier membership/profile/catalog or lead tools on public pages; dashboard execution was not accessed.,https://www.tradekey.com/,Company Profile,company_profile.evaluated,public -> recorded,Authenticated and transaction edge cases not executed,No real document generated,No personal data submitted,Do not generalize evidence across the three sites or infer transaction protection,PM/UX/ENG/SUP/BUY plus specialist,Inference limited to TradeKey evidence only,,,"Preserve site identity, confidence, state, regional scope and unknowns",,,,,,,,,,,
tradekey,tradekey:D23.1,D23,D21-D30 Supplier tools,catalog_management,Is catalog/showroom management evidenced?,observed,TradeKey documents supplier membership/profile/catalog or lead tools on public pages; dashboard execution was not accessed.,https://www.tradekey.com/,direct-public-page,2026-08-24,Amsterdam/NL sandbox; guest mode,"guest; no account, RFQ, message, order or payment",medium,buyer/seller/platform as applicable,dimension-specific intent,TradeKey documents supplier membership/profile/catalog or lead tools on public pages; dashboard execution was not accessed.,https://www.tradekey.com/,Catalog Management,catalog_management.evaluated,public -> recorded,Authenticated and transaction edge cases not executed,No real document generated,No personal data submitted,Do not generalize evidence across the three sites or infer transaction protection,PM/UX/ENG/SUP/BUY plus specialist,Inference limited to TradeKey evidence only,,,"Preserve site identity, confidence, state, regional scope and unknowns",,,,,,,,,,,
tradekey,tradekey:D24.1,D24,D21-D30 Supplier tools,product_creation,Is product creation evidenced?,observed,TradeKey documents supplier membership/profile/catalog or lead tools on public pages; dashboard execution was not accessed.,https://www.tradekey.com/,direct-public-page,2026-08-24,Amsterdam/NL sandbox; guest mode,"guest; no account, RFQ, message, order or payment",medium,buyer/seller/platform as applicable,dimension-specific intent,TradeKey documents supplier membership/profile/catalog or lead tools on public pages; dashboard execution was not accessed.,https://www.tradekey.com/,Product Creation,product_creation.evaluated,public -> recorded,Authenticated and transaction edge cases not executed,No real document generated,No personal data submitted,Do not generalize evidence across the three sites or infer transaction protection,PM/UX/ENG/SUP/BUY plus specialist,Inference limited to TradeKey evidence only,,,"Preserve site identity, confidence, state, regional scope and unknowns",,,,,,,,,,,
tradekey,tradekey:D25.1,D25,D21-D30 Supplier tools,product_specifications,Are structured specifications displayed?,observed,TradeKey documents supplier membership/profile/catalog or lead tools on public pages; dashboard execution was not accessed.,https://www.tradekey.com/,direct-public-page,2026-08-24,Amsterdam/NL sandbox; guest mode,"guest; no account, RFQ, message, order or payment",medium,buyer/seller/platform as applicable,dimension-specific intent,TradeKey documents supplier membership/profile/catalog or lead tools on public pages; dashboard execution was not accessed.,https://www.tradekey.com/,Product Specifications,product_specifications.evaluated,public -> recorded,Authenticated and transaction edge cases not executed,No real document generated,No personal data submitted,Do not generalize evidence across the three sites or infer transaction protection,PM/UX/ENG/SUP/BUY plus specialist,Inference limited to TradeKey evidence only,,,"Preserve site identity, confidence, state, regional scope and unknowns",,,,,,,,,,,
tradekey,tradekey:D26.1,D26,D21-D30 Supplier tools,price_moq,Are price and MOQ visible?,observed,TradeKey documents supplier membership/profile/catalog or lead tools on public pages; dashboard execution was not accessed.,https://www.tradekey.com/,direct-public-page,2026-08-24,Amsterdam/NL sandbox; guest mode,"guest; no account, RFQ, message, order or payment",medium,buyer/seller/platform as applicable,dimension-specific intent,TradeKey documents supplier membership/profile/catalog or lead tools on public pages; dashboard execution was not accessed.,https://www.tradekey.com/,Price Moq,price_moq.evaluated,public -> recorded,Authenticated and transaction edge cases not executed,No real document generated,No personal data submitted,Do not generalize evidence across the three sites or infer transaction protection,PM/UX/ENG/SUP/BUY plus specialist,Inference limited to TradeKey evidence only,,,"Preserve site identity, confidence, state, regional scope and unknowns",,,,,,,,,,,
tradekey,tradekey:D27.1,D27,D21-D30 Supplier tools,capacity_lead_time,Are capacity and lead time visible?,observed,TradeKey documents supplier membership/profile/catalog or lead tools on public pages; dashboard execution was not accessed.,https://www.tradekey.com/,direct-public-page,2026-08-24,Amsterdam/NL sandbox; guest mode,"guest; no account, RFQ, message, order or payment",medium,buyer/seller/platform as applicable,dimension-specific intent,TradeKey documents supplier membership/profile/catalog or lead tools on public pages; dashboard execution was not accessed.,https://www.tradekey.com/,Capacity Lead Time,capacity_lead_time.evaluated,public -> recorded,Authenticated and transaction edge cases not executed,No real document generated,No personal data submitted,Do not generalize evidence across the three sites or infer transaction protection,PM/UX/ENG/SUP/BUY plus specialist,Inference limited to TradeKey evidence only,,,"Preserve site identity, confidence, state, regional scope and unknowns",,,,,,,,,,,
tradekey,tradekey:D28.1,D28,D21-D30 Supplier tools,rfq_creation,Can a buyer submit an RFQ?,observed,TradeKey exposes buying leads/RFQ and supplier quotation/contact paths; premium gating is visible where stated.,https://importer.tradekey.com/party-supplies-importer.html,direct-public-page,2026-08-24,Amsterdam/NL sandbox; guest mode,"guest; no account, RFQ, message, order or payment",high,buyer/seller/platform as applicable,dimension-specific intent,TradeKey exposes buying leads/RFQ and supplier quotation/contact paths; premium gating is visible where stated.,https://importer.tradekey.com/party-supplies-importer.html,Rfq Creation,rfq_creation.evaluated,public -> recorded,Authenticated and transaction edge cases not executed,No real document generated,No personal data submitted,Do not generalize evidence across the three sites or infer transaction protection,PM/UX/ENG/SUP/BUY plus specialist,Inference limited to TradeKey evidence only,,,"Preserve site identity, confidence, state, regional scope and unknowns",,,,,,,,,,,
tradekey,tradekey:D29.1,D29,D21-D30 Supplier tools,rfq_response,Can suppliers view/respond to RFQs?,observed,TradeKey exposes buying leads/RFQ and supplier quotation/contact paths; premium gating is visible where stated.,https://importer.tradekey.com/party-supplies-importer.html,direct-public-page,2026-08-24,Amsterdam/NL sandbox; guest mode,"guest; no account, RFQ, message, order or payment",high,buyer/seller/platform as applicable,dimension-specific intent,TradeKey exposes buying leads/RFQ and supplier quotation/contact paths; premium gating is visible where stated.,https://importer.tradekey.com/party-supplies-importer.html,Rfq Response,rfq_response.evaluated,public -> recorded,Authenticated and transaction edge cases not executed,No real document generated,No personal data submitted,Do not generalize evidence across the three sites or infer transaction protection,PM/UX/ENG/SUP/BUY plus specialist,Inference limited to TradeKey evidence only,,,"Preserve site identity, confidence, state, regional scope and unknowns",,,,,,,,,,,
tradekey,tradekey:D30.1,D30,D21-D30 Supplier tools,messaging,Is messaging/file exchange evidenced?,observed,TradeKey exposes buying leads/RFQ and supplier quotation/contact paths; premium gating is visible where stated.,https://importer.tradekey.com/party-supplies-importer.html,direct-public-page,2026-08-24,Amsterdam/NL sandbox; guest mode,"guest; no account, RFQ, message, order or payment",high,buyer/seller/platform as applicable,dimension-specific intent,TradeKey exposes buying leads/RFQ and supplier quotation/contact paths; premium gating is visible where stated.,https://importer.tradekey.com/party-supplies-importer.html,Messaging,messaging.evaluated,public -> recorded,Authenticated and transaction edge cases not executed,No real document generated,No personal data submitted,Do not generalize evidence across the three sites or infer transaction protection,PM/UX/ENG/SUP/BUY plus specialist,Inference limited to TradeKey evidence only,,,"Preserve site identity, confidence, state, regional scope and unknowns",,,,,,,,,,,
tradekey,tradekey:D31.1,D31,D31-D40 Transaction,quotation,Is quotation workflow evidenced?,observed,TradeKey exposes buying leads/RFQ and supplier quotation/contact paths; premium gating is visible where stated.,https://importer.tradekey.com/party-supplies-importer.html,direct-public-page,2026-08-24,Amsterdam/NL sandbox; guest mode,"guest; no account, RFQ, message, order or payment",high,buyer/seller/platform as applicable,dimension-specific intent,TradeKey exposes buying leads/RFQ and supplier quotation/contact paths; premium gating is visible where stated.,https://importer.tradekey.com/party-supplies-importer.html,Quotation,quotation.evaluated,public -> recorded,Authenticated and transaction edge cases not executed,No real document generated,No personal data submitted,Do not generalize evidence across the three sites or infer transaction protection,PM/UX/ENG/SUP/BUY plus specialist,Inference limited to TradeKey evidence only,,,"Preserve site identity, confidence, state, regional scope and unknowns",,,,,,,,,,,
tradekey,tradekey:D32.1,D32,D31-D40 Transaction,sample_workflow,Is a platform-managed sample workflow visible?,observed-not-found,No sufficient public guest evidence was found for this TradeKey dimension.,https://www.tradekey.com/,direct-public-page,2026-08-24,Amsterdam/NL sandbox; guest mode,"guest; no account, RFQ, message, order or payment",medium,buyer/seller/platform as applicable,dimension-specific intent,No sufficient public guest evidence was found for this TradeKey dimension.,https://www.tradekey.com/,Sample Workflow,sample_workflow.evaluated,public -> observed-not-found,"The capability requires authentication, transaction evidence, policy detail, or a page not observed in this scope.",No real document generated,No personal data submitted,Do not generalize evidence across the three sites or infer transaction protection,PM/UX/ENG/SUP/BUY plus specialist,Inference limited to TradeKey evidence only,"The capability requires authentication, transaction evidence, policy detail, or a page not observed in this scope.",Inspect current official TradeKey help/policy or authorized account flow without real transaction.,"Preserve site identity, confidence, state, regional scope and unknowns",,,,,,,,,,,
tradekey,tradekey:D33.1,D33,D31-D40 Transaction,negotiation,Is negotiation supported?,observed-not-found,No sufficient public guest evidence was found for this TradeKey dimension.,https://www.tradekey.com/,direct-public-page,2026-08-24,Amsterdam/NL sandbox; guest mode,"guest; no account, RFQ, message, order or payment",medium,buyer/seller/platform as applicable,dimension-specific intent,No sufficient public guest evidence was found for this TradeKey dimension.,https://www.tradekey.com/,Negotiation,negotiation.evaluated,public -> observed-not-found,"The capability requires authentication, transaction evidence, policy detail, or a page not observed in this scope.",No real document generated,No personal data submitted,Do not generalize evidence across the three sites or infer transaction protection,PM/UX/ENG/SUP/BUY plus specialist,Inference limited to TradeKey evidence only,"The capability requires authentication, transaction evidence, policy detail, or a page not observed in this scope.",Inspect current official TradeKey help/policy or authorized account flow without real transaction.,"Preserve site identity, confidence, state, regional scope and unknowns",,,,,,,,,,,
tradekey,tradekey:D34.1,D34,D31-D40 Transaction,order_creation,Is an order flow documented?,observed-not-found,No sufficient public guest evidence was found for this TradeKey dimension.,https://www.tradekey.com/,direct-public-page,2026-08-24,Amsterdam/NL sandbox; guest mode,"guest; no account, RFQ, message, order or payment",medium,buyer/seller/platform as applicable,dimension-specific intent,No sufficient public guest evidence was found for this TradeKey dimension.,https://www.tradekey.com/,Order Creation,order_creation.evaluated,public -> observed-not-found,"The capability requires authentication, transaction evidence, policy detail, or a page not observed in this scope.",No real document generated,No personal data submitted,Do not generalize evidence across the three sites or infer transaction protection,PM/UX/ENG/SUP/BUY plus specialist,Inference limited to TradeKey evidence only,"The capability requires authentication, transaction evidence, policy detail, or a page not observed in this scope.",Inspect current official TradeKey help/policy or authorized account flow without real transaction.,"Preserve site identity, confidence, state, regional scope and unknowns",,,,,,,,,,,
tradekey,tradekey:D35.1,D35,D31-D40 Transaction,po_pi_documents,Are platform-generated PO or pro-forma invoice documents evidenced?,observed-not-found,No sufficient public guest evidence was found for this TradeKey dimension.,https://www.tradekey.com/,direct-public-page,2026-08-24,Amsterdam/NL sandbox; guest mode,"guest; no account, RFQ, message, order or payment",medium,buyer/seller/platform as applicable,dimension-specific intent,No sufficient public guest evidence was found for this TradeKey dimension.,https://www.tradekey.com/,Po Pi Documents,po_pi_documents.evaluated,public -> observed-not-found,"The capability requires authentication, transaction evidence, policy detail, or a page not observed in this scope.",No real document generated,No personal data submitted,Do not generalize evidence across the three sites or infer transaction protection,PM/UX/ENG/SUP/BUY plus specialist,Inference limited to TradeKey evidence only,"The capability requires authentication, transaction evidence, policy detail, or a page not observed in this scope.",Inspect current official TradeKey help/policy or authorized account flow without real transaction.,"Preserve site identity, confidence, state, regional scope and unknowns",,,,,,,,,,,
tradekey,tradekey:D36.1,D36,D31-D40 Transaction,checkout,What checkout steps are documented?,observed-not-found,No sufficient public guest evidence was found for this TradeKey dimension.,https://www.tradekey.com/,direct-public-page,2026-08-24,Amsterdam/NL sandbox; guest mode,"guest; no account, RFQ, message, order or payment",medium,buyer/seller/platform as applicable,dimension-specific intent,No sufficient public guest evidence was found for this TradeKey dimension.,https://www.tradekey.com/,Checkout,checkout.evaluated,public -> observed-not-found,"The capability requires authentication, transaction evidence, policy detail, or a page not observed in this scope.",No real document generated,No personal data submitted,Do not generalize evidence across the three sites or infer transaction protection,PM/UX/ENG/SUP/BUY plus specialist,Inference limited to TradeKey evidence only,"The capability requires authentication, transaction evidence, policy detail, or a page not observed in this scope.",Inspect current official TradeKey help/policy or authorized account flow without real transaction.,"Preserve site identity, confidence, state, regional scope and unknowns",,,,,,,,,,,
tradekey,tradekey:D37.1,D37,D31-D40 Transaction,payment_methods,Which payment methods are stated?,observed-not-found,No sufficient public guest evidence was found for this TradeKey dimension.,https://www.tradekey.com/,direct-public-page,2026-08-24,Amsterdam/NL sandbox; guest mode,"guest; no account, RFQ, message, order or payment",medium,buyer/seller/platform as applicable,dimension-specific intent,No sufficient public guest evidence was found for this TradeKey dimension.,https://www.tradekey.com/,Payment Methods,payment_methods.evaluated,public -> observed-not-found,"The capability requires authentication, transaction evidence, policy detail, or a page not observed in this scope.",No real document generated,No personal data submitted,Do not generalize evidence across the three sites or infer transaction protection,PM/UX/ENG/SUP/BUY plus specialist,Inference limited to TradeKey evidence only,"The capability requires authentication, transaction evidence, policy detail, or a page not observed in this scope.",Inspect current official TradeKey help/policy or authorized account flow without real transaction.,"Preserve site identity, confidence, state, regional scope and unknowns",,,,,,,,,,,
tradekey,tradekey:D38.1,D38,D31-D40 Transaction,escrow_buyer_protection,Is escrow or platform-held funds evidenced?,observed-not-found,No sufficient public guest evidence was found for this TradeKey dimension.,https://www.tradekey.com/,direct-public-page,2026-08-24,Amsterdam/NL sandbox; guest mode,"guest; no account, RFQ, message, order or payment",medium,buyer/seller/platform as applicable,dimension-specific intent,No sufficient public guest evidence was found for this TradeKey dimension.,https://www.tradekey.com/,Escrow Buyer Protection,escrow_buyer_protection.evaluated,public -> observed-not-found,"The capability requires authentication, transaction evidence, policy detail, or a page not observed in this scope.",No real document generated,No personal data submitted,Do not generalize evidence across the three sites or infer transaction protection,PM/UX/ENG/SUP/BUY plus specialist,Inference limited to TradeKey evidence only,"The capability requires authentication, transaction evidence, policy detail, or a page not observed in this scope.",Inspect current official TradeKey help/policy or authorized account flow without real transaction.,"Preserve site identity, confidence, state, regional scope and unknowns",,,,,,,,,,,
tradekey,tradekey:D39.1,D39,D31-D40 Transaction,notifications,Are notification surfaces visible?,observed-not-found,No sufficient public guest evidence was found for this TradeKey dimension.,https://www.tradekey.com/,direct-public-page,2026-08-24,Amsterdam/NL sandbox; guest mode,"guest; no account, RFQ, message, order or payment",medium,buyer/seller/platform as applicable,dimension-specific intent,No sufficient public guest evidence was found for this TradeKey dimension.,https://www.tradekey.com/,Notifications,notifications.evaluated,public -> observed-not-found,"The capability requires authentication, transaction evidence, policy detail, or a page not observed in this scope.",No real document generated,No personal data submitted,Do not generalize evidence across the three sites or infer transaction protection,PM/UX/ENG/SUP/BUY plus specialist,Inference limited to TradeKey evidence only,"The capability requires authentication, transaction evidence, policy detail, or a page not observed in this scope.",Inspect current official TradeKey help/policy or authorized account flow without real transaction.,"Preserve site identity, confidence, state, regional scope and unknowns",,,,,,,,,,,
tradekey,tradekey:D40.1,D40,D31-D40 Transaction,order_status,Which order states are documented?,observed-not-found,No sufficient public guest evidence was found for this TradeKey dimension.,https://www.tradekey.com/,direct-public-page,2026-08-24,Amsterdam/NL sandbox; guest mode,"guest; no account, RFQ, message, order or payment",medium,buyer/seller/platform as applicable,dimension-specific intent,No sufficient public guest evidence was found for this TradeKey dimension.,https://www.tradekey.com/,Order Status,order_status.evaluated,public -> observed-not-found,"The capability requires authentication, transaction evidence, policy detail, or a page not observed in this scope.",No real document generated,No personal data submitted,Do not generalize evidence across the three sites or infer transaction protection,PM/UX/ENG/SUP/BUY plus specialist,Inference limited to TradeKey evidence only,"The capability requires authentication, transaction evidence, policy detail, or a page not observed in this scope.",Inspect current official TradeKey help/policy or authorized account flow without real transaction.,"Preserve site identity, confidence, state, regional scope and unknowns",,,,,,,,,,,
tradekey,tradekey:D41.1,D41,D41-D50 Fulfillment,shipping_quote,How is shipping price handled?,observed-not-found,No sufficient public guest evidence was found for this TradeKey dimension.,https://www.tradekey.com/,direct-public-page,2026-08-24,Amsterdam/NL sandbox; guest mode,"guest; no account, RFQ, message, order or payment",medium,buyer/seller/platform as applicable,dimension-specific intent,No sufficient public guest evidence was found for this TradeKey dimension.,https://www.tradekey.com/,Shipping Quote,shipping_quote.evaluated,public -> observed-not-found,"The capability requires authentication, transaction evidence, policy detail, or a page not observed in this scope.",No real document generated,No personal data submitted,Do not generalize evidence across the three sites or infer transaction protection,PM/UX/ENG/SUP/BUY plus specialist,Inference limited to TradeKey evidence only,"The capability requires authentication, transaction evidence, policy detail, or a page not observed in this scope.",Inspect current official TradeKey help/policy or authorized account flow without real transaction.,"Preserve site identity, confidence, state, regional scope and unknowns",,,,,,,,,,,
tradekey,tradekey:D42.1,D42,D41-D50 Fulfillment,carrier_freight,Are logistics integrations/settings evidenced?,observed-not-found,No sufficient public guest evidence was found for this TradeKey dimension.,https://www.tradekey.com/,direct-public-page,2026-08-24,Amsterdam/NL sandbox; guest mode,"guest; no account, RFQ, message, order or payment",medium,buyer/seller/platform as applicable,dimension-specific intent,No sufficient public guest evidence was found for this TradeKey dimension.,https://www.tradekey.com/,Carrier Freight,carrier_freight.evaluated,public -> observed-not-found,"The capability requires authentication, transaction evidence, policy detail, or a page not observed in this scope.",No real document generated,No personal data submitted,Do not generalize evidence across the three sites or infer transaction protection,PM/UX/ENG/SUP/BUY plus specialist,Inference limited to TradeKey evidence only,"The capability requires authentication, transaction evidence, policy detail, or a page not observed in this scope.",Inspect current official TradeKey help/policy or authorized account flow without real transaction.,"Preserve site identity, confidence, state, regional scope and unknowns",,,,,,,,,,,
tradekey,tradekey:D43.1,D43,D41-D50 Fulfillment,incoterms,Are Incoterms structured in product/order UI?,observed-not-found,No sufficient public guest evidence was found for this TradeKey dimension.,https://www.tradekey.com/,direct-public-page,2026-08-24,Amsterdam/NL sandbox; guest mode,"guest; no account, RFQ, message, order or payment",medium,buyer/seller/platform as applicable,dimension-specific intent,No sufficient public guest evidence was found for this TradeKey dimension.,https://www.tradekey.com/,Incoterms,incoterms.evaluated,public -> observed-not-found,"The capability requires authentication, transaction evidence, policy detail, or a page not observed in this scope.",No real document generated,No personal data submitted,Do not generalize evidence across the three sites or infer transaction protection,PM/UX/ENG/SUP/BUY plus specialist,Inference limited to TradeKey evidence only,"The capability requires authentication, transaction evidence, policy detail, or a page not observed in this scope.",Inspect current official TradeKey help/policy or authorized account flow without real transaction.,"Preserve site identity, confidence, state, regional scope and unknowns",,,,,,,,,,,
tradekey,tradekey:D44.1,D44,D41-D50 Fulfillment,trade_documents,"Are invoice, packing list, COO or bill-of-lading workflows shown?",observed-not-found,No sufficient public guest evidence was found for this TradeKey dimension.,https://www.tradekey.com/,direct-public-page,2026-08-24,Amsterdam/NL sandbox; guest mode,"guest; no account, RFQ, message, order or payment",medium,buyer/seller/platform as applicable,dimension-specific intent,No sufficient public guest evidence was found for this TradeKey dimension.,https://www.tradekey.com/,Trade Documents,trade_documents.evaluated,public -> observed-not-found,"The capability requires authentication, transaction evidence, policy detail, or a page not observed in this scope.",No real document generated,No personal data submitted,Do not generalize evidence across the three sites or infer transaction protection,PM/UX/ENG/SUP/BUY plus specialist,Inference limited to TradeKey evidence only,"The capability requires authentication, transaction evidence, policy detail, or a page not observed in this scope.",Inspect current official TradeKey help/policy or authorized account flow without real transaction.,"Preserve site identity, confidence, state, regional scope and unknowns",,,,,,,,,,,
tradekey,tradekey:D45.1,D45,D41-D50 Fulfillment,shipment_tracking,Is platform shipment tracking evidenced?,observed-not-found,No sufficient public guest evidence was found for this TradeKey dimension.,https://www.tradekey.com/,direct-public-page,2026-08-24,Amsterdam/NL sandbox; guest mode,"guest; no account, RFQ, message, order or payment",medium,buyer/seller/platform as applicable,dimension-specific intent,No sufficient public guest evidence was found for this TradeKey dimension.,https://www.tradekey.com/,Shipment Tracking,shipment_tracking.evaluated,public -> observed-not-found,"The capability requires authentication, transaction evidence, policy detail, or a page not observed in this scope.",No real document generated,No personal data submitted,Do not generalize evidence across the three sites or infer transaction protection,PM/UX/ENG/SUP/BUY plus specialist,Inference limited to TradeKey evidence only,"The capability requires authentication, transaction evidence, policy detail, or a page not observed in this scope.",Inspect current official TradeKey help/policy or authorized account flow without real transaction.,"Preserve site identity, confidence, state, regional scope and unknowns",,,,,,,,,,,
tradekey,tradekey:D46.1,D46,D41-D50 Fulfillment,inspection,Is transactional inspection ordering evidenced?,observed-not-found,No sufficient public guest evidence was found for this TradeKey dimension.,https://www.tradekey.com/,direct-public-page,2026-08-24,Amsterdam/NL sandbox; guest mode,"guest; no account, RFQ, message, order or payment",medium,buyer/seller/platform as applicable,dimension-specific intent,No sufficient public guest evidence was found for this TradeKey dimension.,https://www.tradekey.com/,Inspection,inspection.evaluated,public -> observed-not-found,"The capability requires authentication, transaction evidence, policy detail, or a page not observed in this scope.",No real document generated,No personal data submitted,Do not generalize evidence across the three sites or infer transaction protection,PM/UX/ENG/SUP/BUY plus specialist,Inference limited to TradeKey evidence only,"The capability requires authentication, transaction evidence, policy detail, or a page not observed in this scope.",Inspect current official TradeKey help/policy or authorized account flow without real transaction.,"Preserve site identity, confidence, state, regional scope and unknowns",,,,,,,,,,,
tradekey,tradekey:D47.1,D47,D41-D50 Fulfillment,delivery_confirmation,Is buyer delivery acceptance evidenced?,observed-not-found,No sufficient public guest evidence was found for this TradeKey dimension.,https://www.tradekey.com/,direct-public-page,2026-08-24,Amsterdam/NL sandbox; guest mode,"guest; no account, RFQ, message, order or payment",medium,buyer/seller/platform as applicable,dimension-specific intent,No sufficient public guest evidence was found for this TradeKey dimension.,https://www.tradekey.com/,Delivery Confirmation,delivery_confirmation.evaluated,public -> observed-not-found,"The capability requires authentication, transaction evidence, policy detail, or a page not observed in this scope.",No real document generated,No personal data submitted,Do not generalize evidence across the three sites or infer transaction protection,PM/UX/ENG/SUP/BUY plus specialist,Inference limited to TradeKey evidence only,"The capability requires authentication, transaction evidence, policy detail, or a page not observed in this scope.",Inspect current official TradeKey help/policy or authorized account flow without real transaction.,"Preserve site identity, confidence, state, regional scope and unknowns",,,,,,,,,,,
tradekey,tradekey:D48.1,D48,D41-D50 Fulfillment,returns_refunds,Are return/refund terms captured?,observed-not-found,No sufficient public guest evidence was found for this TradeKey dimension.,https://www.tradekey.com/,direct-public-page,2026-08-24,Amsterdam/NL sandbox; guest mode,"guest; no account, RFQ, message, order or payment",medium,buyer/seller/platform as applicable,dimension-specific intent,No sufficient public guest evidence was found for this TradeKey dimension.,https://www.tradekey.com/,Returns Refunds,returns_refunds.evaluated,public -> observed-not-found,"The capability requires authentication, transaction evidence, policy detail, or a page not observed in this scope.",No real document generated,No personal data submitted,Do not generalize evidence across the three sites or infer transaction protection,PM/UX/ENG/SUP/BUY plus specialist,Inference limited to TradeKey evidence only,"The capability requires authentication, transaction evidence, policy detail, or a page not observed in this scope.",Inspect current official TradeKey help/policy or authorized account flow without real transaction.,"Preserve site identity, confidence, state, regional scope and unknowns",,,,,,,,,,,
tradekey,tradekey:D49.1,D49,D41-D50 Fulfillment,claims,Where can post-payment issues be raised?,observed-not-found,No sufficient public guest evidence was found for this TradeKey dimension.,https://www.tradekey.com/,direct-public-page,2026-08-24,Amsterdam/NL sandbox; guest mode,"guest; no account, RFQ, message, order or payment",medium,buyer/seller/platform as applicable,dimension-specific intent,No sufficient public guest evidence was found for this TradeKey dimension.,https://www.tradekey.com/,Claims,claims.evaluated,public -> observed-not-found,"The capability requires authentication, transaction evidence, policy detail, or a page not observed in this scope.",No real document generated,No personal data submitted,Do not generalize evidence across the three sites or infer transaction protection,PM/UX/ENG/SUP/BUY plus specialist,Inference limited to TradeKey evidence only,"The capability requires authentication, transaction evidence, policy detail, or a page not observed in this scope.",Inspect current official TradeKey help/policy or authorized account flow without real transaction.,"Preserve site identity, confidence, state, regional scope and unknowns",,,,,,,,,,,
tradekey,tradekey:D50.1,D50,D41-D50 Fulfillment,dispute_resolution,Is dispute resolution native or external?,observed-not-found,No sufficient public guest evidence was found for this TradeKey dimension.,https://www.tradekey.com/,direct-public-page,2026-08-24,Amsterdam/NL sandbox; guest mode,"guest; no account, RFQ, message, order or payment",medium,buyer/seller/platform as applicable,dimension-specific intent,No sufficient public guest evidence was found for this TradeKey dimension.,https://www.tradekey.com/,Dispute Resolution,dispute_resolution.evaluated,public -> observed-not-found,"The capability requires authentication, transaction evidence, policy detail, or a page not observed in this scope.",No real document generated,No personal data submitted,Do not generalize evidence across the three sites or infer transaction protection,PM/UX/ENG/SUP/BUY plus specialist,Inference limited to TradeKey evidence only,"The capability requires authentication, transaction evidence, policy detail, or a page not observed in this scope.",Inspect current official TradeKey help/policy or authorized account flow without real transaction.,"Preserve site identity, confidence, state, regional scope and unknowns",,,,,,,,,,,
tradekey,tradekey:D51.1,D51,D51-D60 Trust,supplier_verification,How is supplier/certificate verification evidenced?,observed,TradeKey publishes supplier verification or premium trust programs; scope is platform-specific and not generalized.,https://www.tradekey.com/,direct-public-page,2026-08-24,Amsterdam/NL sandbox; guest mode,"guest; no account, RFQ, message, order or payment",high,buyer/seller/platform as applicable,dimension-specific intent,TradeKey publishes supplier verification or premium trust programs; scope is platform-specific and not generalized.,https://www.tradekey.com/,Supplier Verification,supplier_verification.evaluated,public -> recorded,Authenticated and transaction edge cases not executed,No real document generated,No personal data submitted,Do not generalize evidence across the three sites or infer transaction protection,PM/UX/ENG/SUP/BUY plus specialist,Inference limited to TradeKey evidence only,,,"Preserve site identity, confidence, state, regional scope and unknowns",,,,,,,,,,,
tradekey,tradekey:D52.1,D52,D51-D60 Trust,buyer_verification,What buyer KYB/verification badge exists?,observed-not-found,No sufficient public guest evidence was found for this TradeKey dimension.,https://www.tradekey.com/,direct-public-page,2026-08-24,Amsterdam/NL sandbox; guest mode,"guest; no account, RFQ, message, order or payment",medium,buyer/seller/platform as applicable,dimension-specific intent,No sufficient public guest evidence was found for this TradeKey dimension.,https://www.tradekey.com/,Buyer Verification,buyer_verification.evaluated,public -> observed-not-found,"The capability requires authentication, transaction evidence, policy detail, or a page not observed in this scope.",No real document generated,No personal data submitted,Do not generalize evidence across the three sites or infer transaction protection,PM/UX/ENG/SUP/BUY plus specialist,Inference limited to TradeKey evidence only,"The capability requires authentication, transaction evidence, policy detail, or a page not observed in this scope.",Inspect current official TradeKey help/policy or authorized account flow without real transaction.,"Preserve site identity, confidence, state, regional scope and unknowns",,,,,,,,,,,
tradekey,tradekey:D53.1,D53,D51-D60 Trust,badges_certifications,Where are trust marks shown?,observed,Public TradeKey evidence supports this directory/lead/policy capability at a high level; transaction execution was not observed.,https://www.tradekey.com/,direct-public-page,2026-08-24,Amsterdam/NL sandbox; guest mode,"guest; no account, RFQ, message, order or payment",medium,buyer/seller/platform as applicable,dimension-specific intent,Public TradeKey evidence supports this directory/lead/policy capability at a high level; transaction execution was not observed.,https://www.tradekey.com/,Badges Certifications,badges_certifications.evaluated,public -> recorded,Authenticated and transaction edge cases not executed,No real document generated,No personal data submitted,Do not generalize evidence across the three sites or infer transaction protection,PM/UX/ENG/SUP/BUY plus specialist,Inference limited to TradeKey evidence only,,,"Preserve site identity, confidence, state, regional scope and unknowns",,,,,,,,,,,
tradekey,tradekey:D54.1,D54,D51-D60 Trust,ratings_reviews,Are buyer ratings/reviews visible?,observed-not-found,No sufficient public guest evidence was found for this TradeKey dimension.,https://www.tradekey.com/,direct-public-page,2026-08-24,Amsterdam/NL sandbox; guest mode,"guest; no account, RFQ, message, order or payment",medium,buyer/seller/platform as applicable,dimension-specific intent,No sufficient public guest evidence was found for this TradeKey dimension.,https://www.tradekey.com/,Ratings Reviews,ratings_reviews.evaluated,public -> observed-not-found,"The capability requires authentication, transaction evidence, policy detail, or a page not observed in this scope.",No real document generated,No personal data submitted,Do not generalize evidence across the three sites or infer transaction protection,PM/UX/ENG/SUP/BUY plus specialist,Inference limited to TradeKey evidence only,"The capability requires authentication, transaction evidence, policy detail, or a page not observed in this scope.",Inspect current official TradeKey help/policy or authorized account flow without real transaction.,"Preserve site identity, confidence, state, regional scope and unknowns",,,,,,,,,,,
tradekey,tradekey:D55.1,D55,D51-D60 Trust,fraud_reporting,Is a dedicated fraud/report action visible?,observed-not-found,No sufficient public guest evidence was found for this TradeKey dimension.,https://www.tradekey.com/,direct-public-page,2026-08-24,Amsterdam/NL sandbox; guest mode,"guest; no account, RFQ, message, order or payment",medium,buyer/seller/platform as applicable,dimension-specific intent,No sufficient public guest evidence was found for this TradeKey dimension.,https://www.tradekey.com/,Fraud Reporting,fraud_reporting.evaluated,public -> observed-not-found,"The capability requires authentication, transaction evidence, policy detail, or a page not observed in this scope.",No real document generated,No personal data submitted,Do not generalize evidence across the three sites or infer transaction protection,PM/UX/ENG/SUP/BUY plus specialist,Inference limited to TradeKey evidence only,"The capability requires authentication, transaction evidence, policy detail, or a page not observed in this scope.",Inspect current official TradeKey help/policy or authorized account flow without real transaction.,"Preserve site identity, confidence, state, regional scope and unknowns",,,,,,,,,,,
tradekey,tradekey:D56.1,D56,D51-D60 Trust,moderation,Are prohibited conduct and enforcement rights documented?,observed-not-found,No sufficient public guest evidence was found for this TradeKey dimension.,https://www.tradekey.com/,direct-public-page,2026-08-24,Amsterdam/NL sandbox; guest mode,"guest; no account, RFQ, message, order or payment",medium,buyer/seller/platform as applicable,dimension-specific intent,No sufficient public guest evidence was found for this TradeKey dimension.,https://www.tradekey.com/,Moderation,moderation.evaluated,public -> observed-not-found,"The capability requires authentication, transaction evidence, policy detail, or a page not observed in this scope.",No real document generated,No personal data submitted,Do not generalize evidence across the three sites or infer transaction protection,PM/UX/ENG/SUP/BUY plus specialist,Inference limited to TradeKey evidence only,"The capability requires authentication, transaction evidence, policy detail, or a page not observed in this scope.",Inspect current official TradeKey help/policy or authorized account flow without real transaction.,"Preserve site identity, confidence, state, regional scope and unknowns",,,,,,,,,,,
tradekey,tradekey:D57.1,D57,D51-D60 Trust,customer_support,Is support accessible?,observed,Public TradeKey evidence supports this directory/lead/policy capability at a high level; transaction execution was not observed.,https://www.tradekey.com/,direct-public-page,2026-08-24,Amsterdam/NL sandbox; guest mode,"guest; no account, RFQ, message, order or payment",medium,buyer/seller/platform as applicable,dimension-specific intent,Public TradeKey evidence supports this directory/lead/policy capability at a high level; transaction execution was not observed.,https://www.tradekey.com/,Customer Support,customer_support.evaluated,public -> recorded,Authenticated and transaction edge cases not executed,No real document generated,No personal data submitted,Do not generalize evidence across the three sites or infer transaction protection,PM/UX/ENG/SUP/BUY plus specialist,Inference limited to TradeKey evidence only,,,"Preserve site identity, confidence, state, regional scope and unknowns",,,,,,,,,,,
tradekey,tradekey:D58.1,D58,D51-D60 Trust,support_sla,Are response/resolution SLAs published?,observed-not-found,No sufficient public guest evidence was found for this TradeKey dimension.,https://www.tradekey.com/,direct-public-page,2026-08-24,Amsterdam/NL sandbox; guest mode,"guest; no account, RFQ, message, order or payment",medium,buyer/seller/platform as applicable,dimension-specific intent,No sufficient public guest evidence was found for this TradeKey dimension.,https://www.tradekey.com/,Support Sla,support_sla.evaluated,public -> observed-not-found,"The capability requires authentication, transaction evidence, policy detail, or a page not observed in this scope.",No real document generated,No personal data submitted,Do not generalize evidence across the three sites or infer transaction protection,PM/UX/ENG/SUP/BUY plus specialist,Inference limited to TradeKey evidence only,"The capability requires authentication, transaction evidence, policy detail, or a page not observed in this scope.",Inspect current official TradeKey help/policy or authorized account flow without real transaction.,"Preserve site identity, confidence, state, regional scope and unknowns",,,,,,,,,,,
tradekey,tradekey:D59.1,D59,D51-D60 Trust,trust_education,Does platform educate buyers about verification?,observed,Public TradeKey evidence supports this directory/lead/policy capability at a high level; transaction execution was not observed.,https://www.tradekey.com/,direct-public-page,2026-08-24,Amsterdam/NL sandbox; guest mode,"guest; no account, RFQ, message, order or payment",medium,buyer/seller/platform as applicable,dimension-specific intent,Public TradeKey evidence supports this directory/lead/policy capability at a high level; transaction execution was not observed.,https://www.tradekey.com/,Trust Education,trust_education.evaluated,public -> recorded,Authenticated and transaction edge cases not executed,No real document generated,No personal data submitted,Do not generalize evidence across the three sites or infer transaction protection,PM/UX/ENG/SUP/BUY plus specialist,Inference limited to TradeKey evidence only,,,"Preserve site identity, confidence, state, regional scope and unknowns",,,,,,,,,,,
tradekey,tradekey:D60.1,D60,D51-D60 Trust,enforcement_account_controls,Are account/content controls documented?,observed,Public TradeKey evidence supports this directory/lead/policy capability at a high level; transaction execution was not observed.,https://www.tradekey.com/,direct-public-page,2026-08-24,Amsterdam/NL sandbox; guest mode,"guest; no account, RFQ, message, order or payment",medium,buyer/seller/platform as applicable,dimension-specific intent,Public TradeKey evidence supports this directory/lead/policy capability at a high level; transaction execution was not observed.,https://www.tradekey.com/,Enforcement Account Controls,enforcement_account_controls.evaluated,public -> recorded,Authenticated and transaction edge cases not executed,No real document generated,No personal data submitted,Do not generalize evidence across the three sites or infer transaction protection,PM/UX/ENG/SUP/BUY plus specialist,Inference limited to TradeKey evidence only,,,"Preserve site identity, confidence, state, regional scope and unknowns",,,,,,,,,,,
tradekey,tradekey:D61.1,D61,D61-D68 Technical,language_localization,Which language/localization capabilities are visible?,observed,Public TradeKey evidence supports this directory/lead/policy capability at a high level; transaction execution was not observed.,https://www.tradekey.com/,direct-public-page,2026-08-24,Amsterdam/NL sandbox; guest mode,"guest; no account, RFQ, message, order or payment",medium,buyer/seller/platform as applicable,dimension-specific intent,Public TradeKey evidence supports this directory/lead/policy capability at a high level; transaction execution was not observed.,https://www.tradekey.com/,Language Localization,language_localization.evaluated,public -> recorded,Authenticated and transaction edge cases not executed,No real document generated,No personal data submitted,Do not generalize evidence across the three sites or infer transaction protection,PM/UX/ENG/SUP/BUY plus specialist,Inference limited to TradeKey evidence only,,,"Preserve site identity, confidence, state, regional scope and unknowns",,,,,,,,,,,
tradekey,tradekey:D62.1,D62,D61-D68 Technical,currency,Which currencies are displayed?,observed,Public TradeKey evidence supports this directory/lead/policy capability at a high level; transaction execution was not observed.,https://www.tradekey.com/,direct-public-page,2026-08-24,Amsterdam/NL sandbox; guest mode,"guest; no account, RFQ, message, order or payment",medium,buyer/seller/platform as applicable,dimension-specific intent,Public TradeKey evidence supports this directory/lead/policy capability at a high level; transaction execution was not observed.,https://www.tradekey.com/,Currency,currency.evaluated,public -> recorded,Authenticated and transaction edge cases not executed,No real document generated,No personal data submitted,Do not generalize evidence across the three sites or infer transaction protection,PM/UX/ENG/SUP/BUY plus specialist,Inference limited to TradeKey evidence only,,,"Preserve site identity, confidence, state, regional scope and unknowns",,,,,,,,,,,
tradekey,tradekey:D63.1,D63,D61-D68 Technical,country_region,How is region represented?,observed,Public TradeKey evidence supports this directory/lead/policy capability at a high level; transaction execution was not observed.,https://www.tradekey.com/,direct-public-page,2026-08-24,Amsterdam/NL sandbox; guest mode,"guest; no account, RFQ, message, order or payment",medium,buyer/seller/platform as applicable,dimension-specific intent,Public TradeKey evidence supports this directory/lead/policy capability at a high level; transaction execution was not observed.,https://www.tradekey.com/,Country Region,country_region.evaluated,public -> recorded,Authenticated and transaction edge cases not executed,No real document generated,No personal data submitted,Do not generalize evidence across the three sites or infer transaction protection,PM/UX/ENG/SUP/BUY plus specialist,Inference limited to TradeKey evidence only,,,"Preserve site identity, confidence, state, regional scope and unknowns",,,,,,,,,,,
tradekey,tradekey:D64.1,D64,D61-D68 Technical,seo_metadata,Are basic SEO signals visible?,observed,Public TradeKey evidence supports this directory/lead/policy capability at a high level; transaction execution was not observed.,https://www.tradekey.com/,direct-public-page,2026-08-24,Amsterdam/NL sandbox; guest mode,"guest; no account, RFQ, message, order or payment",medium,buyer/seller/platform as applicable,dimension-specific intent,Public TradeKey evidence supports this directory/lead/policy capability at a high level; transaction execution was not observed.,https://www.tradekey.com/,Seo Metadata,seo_metadata.evaluated,public -> recorded,Authenticated and transaction edge cases not executed,No real document generated,No personal data submitted,Do not generalize evidence across the three sites or infer transaction protection,PM/UX/ENG/SUP/BUY plus specialist,Inference limited to TradeKey evidence only,,,"Preserve site identity, confidence, state, regional scope and unknowns",,,,,,,,,,,
tradekey,tradekey:D65.1,D65,D61-D68 Technical,url_patterns,Are page-type URL patterns stable and descriptive?,observed,Public TradeKey evidence supports this directory/lead/policy capability at a high level; transaction execution was not observed.,https://www.tradekey.com/,direct-public-page,2026-08-24,Amsterdam/NL sandbox; guest mode,"guest; no account, RFQ, message, order or payment",medium,buyer/seller/platform as applicable,dimension-specific intent,Public TradeKey evidence supports this directory/lead/policy capability at a high level; transaction execution was not observed.,https://www.tradekey.com/,Url Patterns,url_patterns.evaluated,public -> recorded,Authenticated and transaction edge cases not executed,No real document generated,No personal data submitted,Do not generalize evidence across the three sites or infer transaction protection,PM/UX/ENG/SUP/BUY plus specialist,Inference limited to TradeKey evidence only,,,"Preserve site identity, confidence, state, regional scope and unknowns",,,,,,,,,,,
tradekey,tradekey:D66.1,D66,D61-D68 Technical,mobile_responsive,Is mobile behavior validated?,observed-not-found,No sufficient public guest evidence was found for this TradeKey dimension.,https://www.tradekey.com/,direct-public-page,2026-08-24,Amsterdam/NL sandbox; guest mode,"guest; no account, RFQ, message, order or payment",medium,buyer/seller/platform as applicable,dimension-specific intent,No sufficient public guest evidence was found for this TradeKey dimension.,https://www.tradekey.com/,Mobile Responsive,mobile_responsive.evaluated,public -> observed-not-found,"The capability requires authentication, transaction evidence, policy detail, or a page not observed in this scope.",No real document generated,No personal data submitted,Do not generalize evidence across the three sites or infer transaction protection,PM/UX/ENG/SUP/BUY plus specialist,Inference limited to TradeKey evidence only,"The capability requires authentication, transaction evidence, policy detail, or a page not observed in this scope.",Inspect current official TradeKey help/policy or authorized account flow without real transaction.,"Preserve site identity, confidence, state, regional scope and unknowns",,,,,,,,,,,
tradekey,tradekey:D67.1,D67,D61-D68 Technical,accessibility,Are WCAG/keyboard/screen-reader outcomes validated?,observed-not-found,No sufficient public guest evidence was found for this TradeKey dimension.,https://www.tradekey.com/,direct-public-page,2026-08-24,Amsterdam/NL sandbox; guest mode,"guest; no account, RFQ, message, order or payment",medium,buyer/seller/platform as applicable,dimension-specific intent,No sufficient public guest evidence was found for this TradeKey dimension.,https://www.tradekey.com/,Accessibility,accessibility.evaluated,public -> observed-not-found,"The capability requires authentication, transaction evidence, policy detail, or a page not observed in this scope.",No real document generated,No personal data submitted,Do not generalize evidence across the three sites or infer transaction protection,PM/UX/ENG/SUP/BUY plus specialist,Inference limited to TradeKey evidence only,"The capability requires authentication, transaction evidence, policy detail, or a page not observed in this scope.",Inspect current official TradeKey help/policy or authorized account flow without real transaction.,"Preserve site identity, confidence, state, regional scope and unknowns",,,,,,,,,,,
tradekey,tradekey:D68.1,D68,D61-D68 Technical,performance,Are load/performance metrics measured?,observed-not-found,No sufficient public guest evidence was found for this TradeKey dimension.,https://www.tradekey.com/,direct-public-page,2026-08-24,Amsterdam/NL sandbox; guest mode,"guest; no account, RFQ, message, order or payment",medium,buyer/seller/platform as applicable,dimension-specific intent,No sufficient public guest evidence was found for this TradeKey dimension.,https://www.tradekey.com/,Performance,performance.evaluated,public -> observed-not-found,"The capability requires authentication, transaction evidence, policy detail, or a page not observed in this scope.",No real document generated,No personal data submitted,Do not generalize evidence across the three sites or infer transaction protection,PM/UX/ENG/SUP/BUY plus specialist,Inference limited to TradeKey evidence only,"The capability requires authentication, transaction evidence, policy detail, or a page not observed in this scope.",Inspect current official TradeKey help/policy or authorized account flow without real transaction.,"Preserve site identity, confidence, state, regional scope and unknowns",,,,,,,,,,,
tradekey,tradekey:D69.1,D69,D69-D73 Commercial/policy,revenue_model,What monetization is publicly evidenced?,observed,"TradeKey uses premium membership, advertising or promoted visibility as public supplier-side commercial features.",https://www.tradekey.com/,direct-public-page,2026-08-24,Amsterdam/NL sandbox; guest mode,"guest; no account, RFQ, message, order or payment",medium,buyer/seller/platform as applicable,dimension-specific intent,"TradeKey uses premium membership, advertising or promoted visibility as public supplier-side commercial features.",https://www.tradekey.com/,Revenue Model,revenue_model.evaluated,public -> recorded,Authenticated and transaction edge cases not executed,No real document generated,No personal data submitted,Do not generalize evidence across the three sites or infer transaction protection,PM/UX/ENG/SUP/BUY plus specialist,Inference limited to TradeKey evidence only,,,"Preserve site identity, confidence, state, regional scope and unknowns",,,,,,,,,,,
tradekey,tradekey:D70.1,D70,D69-D73 Commercial/policy,advertising_promoted_listings,Are paid exposure products evidenced?,observed,"TradeKey uses premium membership, advertising or promoted visibility as public supplier-side commercial features.",https://www.tradekey.com/,direct-public-page,2026-08-24,Amsterdam/NL sandbox; guest mode,"guest; no account, RFQ, message, order or payment",medium,buyer/seller/platform as applicable,dimension-specific intent,"TradeKey uses premium membership, advertising or promoted visibility as public supplier-side commercial features.",https://www.tradekey.com/,Advertising Promoted Listings,advertising_promoted_listings.evaluated,public -> recorded,Authenticated and transaction edge cases not executed,No real document generated,No personal data submitted,Do not generalize evidence across the three sites or infer transaction protection,PM/UX/ENG/SUP/BUY plus specialist,Inference limited to TradeKey evidence only,,,"Preserve site identity, confidence, state, regional scope and unknowns",,,,,,,,,,,
tradekey,tradekey:D71.1,D71,D69-D73 Commercial/policy,promotions_merchandising,Are promotions/editorial merchandising visible?,observed,"TradeKey uses premium membership, advertising or promoted visibility as public supplier-side commercial features.",https://www.tradekey.com/,direct-public-page,2026-08-24,Amsterdam/NL sandbox; guest mode,"guest; no account, RFQ, message, order or payment",medium,buyer/seller/platform as applicable,dimension-specific intent,"TradeKey uses premium membership, advertising or promoted visibility as public supplier-side commercial features.",https://www.tradekey.com/,Promotions Merchandising,promotions_merchandising.evaluated,public -> recorded,Authenticated and transaction edge cases not executed,No real document generated,No personal data submitted,Do not generalize evidence across the three sites or infer transaction protection,PM/UX/ENG/SUP/BUY plus specialist,Inference limited to TradeKey evidence only,,,"Preserve site identity, confidence, state, regional scope and unknowns",,,,,,,,,,,
tradekey,tradekey:D72.1,D72,D69-D73 Commercial/policy,api_integrations,Are APIs or integrations evidenced?,observed-not-found,No sufficient public guest evidence was found for this TradeKey dimension.,https://www.tradekey.com/,direct-public-page,2026-08-24,Amsterdam/NL sandbox; guest mode,"guest; no account, RFQ, message, order or payment",medium,buyer/seller/platform as applicable,dimension-specific intent,No sufficient public guest evidence was found for this TradeKey dimension.,https://www.tradekey.com/,Api Integrations,api_integrations.evaluated,public -> observed-not-found,"The capability requires authentication, transaction evidence, policy detail, or a page not observed in this scope.",No real document generated,No personal data submitted,Do not generalize evidence across the three sites or infer transaction protection,PM/UX/ENG/SUP/BUY plus specialist,Inference limited to TradeKey evidence only,"The capability requires authentication, transaction evidence, policy detail, or a page not observed in this scope.",Inspect current official TradeKey help/policy or authorized account flow without real transaction.,"Preserve site identity, confidence, state, regional scope and unknowns",,,,,,,,,,,
tradekey,tradekey:D73.1,D73,D69-D73 Commercial/policy,data_content_policies,Which data/content policies apply?,observed,Public TradeKey evidence supports this directory/lead/policy capability at a high level; transaction execution was not observed.,https://www.tradekey.com/,direct-public-page,2026-08-24,Amsterdam/NL sandbox; guest mode,"guest; no account, RFQ, message, order or payment",medium,buyer/seller/platform as applicable,dimension-specific intent,Public TradeKey evidence supports this directory/lead/policy capability at a high level; transaction execution was not observed.,https://www.tradekey.com/,Data Content Policies,data_content_policies.evaluated,public -> recorded,Authenticated and transaction edge cases not executed,No real document generated,No personal data submitted,Do not generalize evidence across the three sites or infer transaction protection,PM/UX/ENG/SUP/BUY plus specialist,Inference limited to TradeKey evidence only,,,"Preserve site identity, confidence, state, regional scope and unknowns",,,,,,,,,,,
ec21,ec21:D00.1,D00,D00 Positioning,positioning_audience_geography,"What is the platform position, audience, geography, category breadth and proposition?",observed,EC21 publicly presents a B2B marketplace connecting buyers/importers with suppliers/exporters.,https://www.ec21.com/,direct-public-page,2026-08-24,Amsterdam/NL sandbox; guest mode,"guest; no account, RFQ, message, order or payment",high,buyer/seller/platform as applicable,dimension-specific intent,EC21 publicly presents a B2B marketplace connecting buyers/importers with suppliers/exporters.,https://www.ec21.com/,Positioning Audience Geography,positioning_audience_geography.evaluated,public -> recorded,Authenticated and transaction edge cases not executed,No real document generated,No personal data submitted,Do not generalize evidence across the three sites or infer transaction protection,PM/UX/ENG/SUP/BUY plus specialist,Inference limited to EC21 evidence only,,,"Preserve site identity, confidence, state, regional scope and unknowns",members claimed,2.5 million+,members,not applicable,homepage snapshot,global,audience claim,publisher-stated,EC21,Homepage,dynamic
ec21,ec21:D01.1,D01,D01-D10 Discovery,home_page,What does the guest homepage expose?,observed,Public EC21 evidence supports this directory/lead/policy capability at a high level; transaction execution was not observed.,https://www.ec21.com/,direct-public-page,2026-08-24,Amsterdam/NL sandbox; guest mode,"guest; no account, RFQ, message, order or payment",medium,buyer/seller/platform as applicable,dimension-specific intent,Public EC21 evidence supports this directory/lead/policy capability at a high level; transaction execution was not observed.,https://www.ec21.com/,Home Page,home_page.evaluated,public -> recorded,Authenticated and transaction edge cases not executed,No real document generated,No personal data submitted,Do not generalize evidence across the three sites or infer transaction protection,PM/UX/ENG/SUP/BUY plus specialist,Inference limited to EC21 evidence only,,,"Preserve site identity, confidence, state, regional scope and unknowns",,,,,,,,,,,
ec21,ec21:D02.1,D02,D01-D10 Discovery,global_navigation,Are core destinations visible?,observed,Public EC21 evidence supports this directory/lead/policy capability at a high level; transaction execution was not observed.,https://www.ec21.com/,direct-public-page,2026-08-24,Amsterdam/NL sandbox; guest mode,"guest; no account, RFQ, message, order or payment",medium,buyer/seller/platform as applicable,dimension-specific intent,Public EC21 evidence supports this directory/lead/policy capability at a high level; transaction execution was not observed.,https://www.ec21.com/,Global Navigation,global_navigation.evaluated,public -> recorded,Authenticated and transaction edge cases not executed,No real document generated,No personal data submitted,Do not generalize evidence across the three sites or infer transaction protection,PM/UX/ENG/SUP/BUY plus specialist,Inference limited to EC21 evidence only,,,"Preserve site identity, confidence, state, regional scope and unknowns",,,,,,,,,,,
ec21,ec21:D03.1,D03,D01-D10 Discovery,search_entry,What search scopes and input constraints are visible?,observed,EC21 public pages expose category/search/product-or-supplier discovery cues; depth varies and no authenticated action was executed.,https://www.ec21.com/,direct-public-page,2026-08-24,Amsterdam/NL sandbox; guest mode,"guest; no account, RFQ, message, order or payment",medium,buyer/seller/platform as applicable,dimension-specific intent,EC21 public pages expose category/search/product-or-supplier discovery cues; depth varies and no authenticated action was executed.,https://www.ec21.com/,Search Entry,search_entry.evaluated,public -> recorded,Authenticated and transaction edge cases not executed,No real document generated,No personal data submitted,Do not generalize evidence across the three sites or infer transaction protection,PM/UX/ENG/SUP/BUY plus specialist,Inference limited to EC21 evidence only,,,"Preserve site identity, confidence, state, regional scope and unknowns",,,,,,,,,,,
ec21,ec21:D04.1,D04,D01-D10 Discovery,search_results,What result layout and count appear for a reproducible query?,observed,EC21 public pages expose category/search/product-or-supplier discovery cues; depth varies and no authenticated action was executed.,https://www.ec21.com/,direct-public-page,2026-08-24,Amsterdam/NL sandbox; guest mode,"guest; no account, RFQ, message, order or payment",medium,buyer/seller/platform as applicable,dimension-specific intent,EC21 public pages expose category/search/product-or-supplier discovery cues; depth varies and no authenticated action was executed.,https://www.ec21.com/,Search Results,search_results.evaluated,public -> recorded,Authenticated and transaction edge cases not executed,No real document generated,No personal data submitted,Do not generalize evidence across the three sites or infer transaction protection,PM/UX/ENG/SUP/BUY plus specialist,Inference limited to EC21 evidence only,,,"Preserve site identity, confidence, state, regional scope and unknowns",,,,,,,,,,,
ec21,ec21:D05.1,D05,D01-D10 Discovery,category_taxonomy,Is a category hierarchy visible?,observed,EC21 public pages expose category/search/product-or-supplier discovery cues; depth varies and no authenticated action was executed.,https://www.ec21.com/,direct-public-page,2026-08-24,Amsterdam/NL sandbox; guest mode,"guest; no account, RFQ, message, order or payment",medium,buyer/seller/platform as applicable,dimension-specific intent,EC21 public pages expose category/search/product-or-supplier discovery cues; depth varies and no authenticated action was executed.,https://www.ec21.com/,Category Taxonomy,category_taxonomy.evaluated,public -> recorded,Authenticated and transaction edge cases not executed,No real document generated,No personal data submitted,Do not generalize evidence across the three sites or infer transaction protection,PM/UX/ENG/SUP/BUY plus specialist,Inference limited to EC21 evidence only,,,"Preserve site identity, confidence, state, regional scope and unknowns",products claimed,7 million+,products,not applicable,homepage snapshot,global,catalog claim,publisher-stated,EC21,Homepage,dynamic
ec21,ec21:D06.1,D06,D01-D10 Discovery,filters,Are filters evidenced?,observed,EC21 public pages expose category/search/product-or-supplier discovery cues; depth varies and no authenticated action was executed.,https://www.ec21.com/,direct-public-page,2026-08-24,Amsterdam/NL sandbox; guest mode,"guest; no account, RFQ, message, order or payment",medium,buyer/seller/platform as applicable,dimension-specific intent,EC21 public pages expose category/search/product-or-supplier discovery cues; depth varies and no authenticated action was executed.,https://www.ec21.com/,Filters,filters.evaluated,public -> recorded,Authenticated and transaction edge cases not executed,No real document generated,No personal data submitted,Do not generalize evidence across the three sites or infer transaction protection,PM/UX/ENG/SUP/BUY plus specialist,Inference limited to EC21 evidence only,,,"Preserve site identity, confidence, state, regional scope and unknowns",,,,,,,,,,,
ec21,ec21:D07.1,D07,D01-D10 Discovery,sorting,Which sort controls and defaults exist?,observed,EC21 public pages expose category/search/product-or-supplier discovery cues; depth varies and no authenticated action was executed.,https://www.ec21.com/,direct-public-page,2026-08-24,Amsterdam/NL sandbox; guest mode,"guest; no account, RFQ, message, order or payment",medium,buyer/seller/platform as applicable,dimension-specific intent,EC21 public pages expose category/search/product-or-supplier discovery cues; depth varies and no authenticated action was executed.,https://www.ec21.com/,Sorting,sorting.evaluated,public -> recorded,Authenticated and transaction edge cases not executed,No real document generated,No personal data submitted,Do not generalize evidence across the three sites or infer transaction protection,PM/UX/ENG/SUP/BUY plus specialist,Inference limited to EC21 evidence only,,,"Preserve site identity, confidence, state, regional scope and unknowns",,,,,,,,,,,
ec21,ec21:D08.1,D08,D01-D10 Discovery,listing_card,What appears on a guest product card?,observed,EC21 public pages expose category/search/product-or-supplier discovery cues; depth varies and no authenticated action was executed.,https://www.ec21.com/,direct-public-page,2026-08-24,Amsterdam/NL sandbox; guest mode,"guest; no account, RFQ, message, order or payment",medium,buyer/seller/platform as applicable,dimension-specific intent,EC21 public pages expose category/search/product-or-supplier discovery cues; depth varies and no authenticated action was executed.,https://www.ec21.com/,Listing Card,listing_card.evaluated,public -> recorded,Authenticated and transaction edge cases not executed,No real document generated,No personal data submitted,Do not generalize evidence across the three sites or infer transaction protection,PM/UX/ENG/SUP/BUY plus specialist,Inference limited to EC21 evidence only,,,"Preserve site identity, confidence, state, regional scope and unknowns",,,,,,,,,,,
ec21,ec21:D09.1,D09,D01-D10 Discovery,product_detail,Which product fields/actions appear?,observed,EC21 public pages expose category/search/product-or-supplier discovery cues; depth varies and no authenticated action was executed.,https://www.ec21.com/,direct-public-page,2026-08-24,Amsterdam/NL sandbox; guest mode,"guest; no account, RFQ, message, order or payment",medium,buyer/seller/platform as applicable,dimension-specific intent,EC21 public pages expose category/search/product-or-supplier discovery cues; depth varies and no authenticated action was executed.,https://www.ec21.com/,Product Detail,product_detail.evaluated,public -> recorded,Authenticated and transaction edge cases not executed,No real document generated,No personal data submitted,Do not generalize evidence across the three sites or infer transaction protection,PM/UX/ENG/SUP/BUY plus specialist,Inference limited to EC21 evidence only,,,"Preserve site identity, confidence, state, regional scope and unknowns",,,,,,,,,,,
ec21,ec21:D10.1,D10,D01-D10 Discovery,supplier_detail,Which supplier fields/actions appear?,observed,EC21 public pages expose category/search/product-or-supplier discovery cues; depth varies and no authenticated action was executed.,https://www.ec21.com/,direct-public-page,2026-08-24,Amsterdam/NL sandbox; guest mode,"guest; no account, RFQ, message, order or payment",medium,buyer/seller/platform as applicable,dimension-specific intent,EC21 public pages expose category/search/product-or-supplier discovery cues; depth varies and no authenticated action was executed.,https://www.ec21.com/,Supplier Detail,supplier_detail.evaluated,public -> recorded,Authenticated and transaction edge cases not executed,No real document generated,No personal data submitted,Do not generalize evidence across the three sites or infer transaction protection,PM/UX/ENG/SUP/BUY plus specialist,Inference limited to EC21 evidence only,,,"Preserve site identity, confidence, state, regional scope and unknowns",,,,,,,,,,,
ec21,ec21:D11.1,D11,D11-D20 Identity,registration_entry,Is registration entry visible?,observed,EC21 exposes signup/login and buyer/supplier roles; exact verification fields were not submitted.,https://www.ec21.com/,direct-public-page,2026-08-24,Amsterdam/NL sandbox; guest mode,"guest; no account, RFQ, message, order or payment",medium,buyer/seller/platform as applicable,dimension-specific intent,EC21 exposes signup/login and buyer/supplier roles; exact verification fields were not submitted.,https://www.ec21.com/,Registration Entry,registration_entry.evaluated,public -> recorded,Authenticated and transaction edge cases not executed,No real document generated,No personal data submitted,Do not generalize evidence across the three sites or infer transaction protection,PM/UX/ENG/SUP/BUY plus specialist,Inference limited to EC21 evidence only,,,"Preserve site identity, confidence, state, regional scope and unknowns",,,,,,,,,,,
ec21,ec21:D12.1,D12,D11-D20 Identity,buyer_registration,What buyer registration inputs are documented?,observed,EC21 exposes signup/login and buyer/supplier roles; exact verification fields were not submitted.,https://www.ec21.com/,direct-public-page,2026-08-24,Amsterdam/NL sandbox; guest mode,"guest; no account, RFQ, message, order or payment",medium,buyer/seller/platform as applicable,dimension-specific intent,EC21 exposes signup/login and buyer/supplier roles; exact verification fields were not submitted.,https://www.ec21.com/,Buyer Registration,buyer_registration.evaluated,public -> recorded,Authenticated and transaction edge cases not executed,No real document generated,No personal data submitted,Do not generalize evidence across the three sites or infer transaction protection,PM/UX/ENG/SUP/BUY plus specialist,Inference limited to EC21 evidence only,,,"Preserve site identity, confidence, state, regional scope and unknowns",,,,,,,,,,,
ec21,ec21:D13.1,D13,D11-D20 Identity,supplier_enrollment,What supplier enrollment path is public?,observed,EC21 exposes signup/login and buyer/supplier roles; exact verification fields were not submitted.,https://www.ec21.com/,direct-public-page,2026-08-24,Amsterdam/NL sandbox; guest mode,"guest; no account, RFQ, message, order or payment",medium,buyer/seller/platform as applicable,dimension-specific intent,EC21 exposes signup/login and buyer/supplier roles; exact verification fields were not submitted.,https://www.ec21.com/,Supplier Enrollment,supplier_enrollment.evaluated,public -> recorded,Authenticated and transaction edge cases not executed,No real document generated,No personal data submitted,Do not generalize evidence across the three sites or infer transaction protection,PM/UX/ENG/SUP/BUY plus specialist,Inference limited to EC21 evidence only,,,"Preserve site identity, confidence, state, regional scope and unknowns",,,,,,,,,,,
ec21,ec21:D14.1,D14,D11-D20 Identity,login,Which login mechanisms are documented?,observed,EC21 exposes signup/login and buyer/supplier roles; exact verification fields were not submitted.,https://www.ec21.com/,direct-public-page,2026-08-24,Amsterdam/NL sandbox; guest mode,"guest; no account, RFQ, message, order or payment",medium,buyer/seller/platform as applicable,dimension-specific intent,EC21 exposes signup/login and buyer/supplier roles; exact verification fields were not submitted.,https://www.ec21.com/,Login,login.evaluated,public -> recorded,Authenticated and transaction edge cases not executed,No real document generated,No personal data submitted,Do not generalize evidence across the three sites or infer transaction protection,PM/UX/ENG/SUP/BUY plus specialist,Inference limited to EC21 evidence only,,,"Preserve site identity, confidence, state, regional scope and unknowns",,,,,,,,,,,
ec21,ec21:D15.1,D15,D11-D20 Identity,role_selection,Is an explicit buyer/seller role-selection screen shown?,observed,EC21 exposes signup/login and buyer/supplier roles; exact verification fields were not submitted.,https://www.ec21.com/,direct-public-page,2026-08-24,Amsterdam/NL sandbox; guest mode,"guest; no account, RFQ, message, order or payment",medium,buyer/seller/platform as applicable,dimension-specific intent,EC21 exposes signup/login and buyer/supplier roles; exact verification fields were not submitted.,https://www.ec21.com/,Role Selection,role_selection.evaluated,public -> recorded,Authenticated and transaction edge cases not executed,No real document generated,No personal data submitted,Do not generalize evidence across the three sites or infer transaction protection,PM/UX/ENG/SUP/BUY plus specialist,Inference limited to EC21 evidence only,,,"Preserve site identity, confidence, state, regional scope and unknowns",,,,,,,,,,,
ec21,ec21:D16.1,D16,D11-D20 Identity,email_verification,How is email verified?,observed-not-found,No sufficient public guest evidence was found for this EC21 dimension.,https://www.ec21.com/,direct-public-page,2026-08-24,Amsterdam/NL sandbox; guest mode,"guest; no account, RFQ, message, order or payment",medium,buyer/seller/platform as applicable,dimension-specific intent,No sufficient public guest evidence was found for this EC21 dimension.,https://www.ec21.com/,Email Verification,email_verification.evaluated,public -> observed-not-found,"The capability requires authentication, transaction evidence, policy detail, or a page not observed in this scope.",No real document generated,No personal data submitted,Do not generalize evidence across the three sites or infer transaction protection,PM/UX/ENG/SUP/BUY plus specialist,Inference limited to EC21 evidence only,"The capability requires authentication, transaction evidence, policy detail, or a page not observed in this scope.",Inspect current official EC21 help/policy or authorized account flow without real transaction.,"Preserve site identity, confidence, state, regional scope and unknowns",,,,,,,,,,,
ec21,ec21:D17.1,D17,D11-D20 Identity,mobile_verification,How is mobile verified?,observed-not-found,No sufficient public guest evidence was found for this EC21 dimension.,https://www.ec21.com/,direct-public-page,2026-08-24,Amsterdam/NL sandbox; guest mode,"guest; no account, RFQ, message, order or payment",medium,buyer/seller/platform as applicable,dimension-specific intent,No sufficient public guest evidence was found for this EC21 dimension.,https://www.ec21.com/,Mobile Verification,mobile_verification.evaluated,public -> observed-not-found,"The capability requires authentication, transaction evidence, policy detail, or a page not observed in this scope.",No real document generated,No personal data submitted,Do not generalize evidence across the three sites or infer transaction protection,PM/UX/ENG/SUP/BUY plus specialist,Inference limited to EC21 evidence only,"The capability requires authentication, transaction evidence, policy detail, or a page not observed in this scope.",Inspect current official EC21 help/policy or authorized account flow without real transaction.,"Preserve site identity, confidence, state, regional scope and unknowns",,,,,,,,,,,
ec21,ec21:D18.1,D18,D11-D20 Identity,company_onboarding,Is company information collected?,observed-not-found,No sufficient public guest evidence was found for this EC21 dimension.,https://www.ec21.com/,direct-public-page,2026-08-24,Amsterdam/NL sandbox; guest mode,"guest; no account, RFQ, message, order or payment",medium,buyer/seller/platform as applicable,dimension-specific intent,No sufficient public guest evidence was found for this EC21 dimension.,https://www.ec21.com/,Company Onboarding,company_onboarding.evaluated,public -> observed-not-found,"The capability requires authentication, transaction evidence, policy detail, or a page not observed in this scope.",No real document generated,No personal data submitted,Do not generalize evidence across the three sites or infer transaction protection,PM/UX/ENG/SUP/BUY plus specialist,Inference limited to EC21 evidence only,"The capability requires authentication, transaction evidence, policy detail, or a page not observed in this scope.",Inspect current official EC21 help/policy or authorized account flow without real transaction.,"Preserve site identity, confidence, state, regional scope and unknowns",,,,,,,,,,,
ec21,ec21:D19.1,D19,D11-D20 Identity,kyc_kyb_documents,Which exact KYB documents are mandatory at registration?,observed-not-found,No sufficient public guest evidence was found for this EC21 dimension.,https://www.ec21.com/,direct-public-page,2026-08-24,Amsterdam/NL sandbox; guest mode,"guest; no account, RFQ, message, order or payment",medium,buyer/seller/platform as applicable,dimension-specific intent,No sufficient public guest evidence was found for this EC21 dimension.,https://www.ec21.com/,Kyc Kyb Documents,kyc_kyb_documents.evaluated,public -> observed-not-found,"The capability requires authentication, transaction evidence, policy detail, or a page not observed in this scope.",No real document generated,No personal data submitted,Do not generalize evidence across the three sites or infer transaction protection,PM/UX/ENG/SUP/BUY plus specialist,Inference limited to EC21 evidence only,"The capability requires authentication, transaction evidence, policy detail, or a page not observed in this scope.",Inspect current official EC21 help/policy or authorized account flow without real transaction.,"Preserve site identity, confidence, state, regional scope and unknowns",,,,,,,,,,,
ec21,ec21:D20.1,D20,D11-D20 Identity,password_recovery,What recovery path is documented?,observed-not-found,No sufficient public guest evidence was found for this EC21 dimension.,https://www.ec21.com/,direct-public-page,2026-08-24,Amsterdam/NL sandbox; guest mode,"guest; no account, RFQ, message, order or payment",medium,buyer/seller/platform as applicable,dimension-specific intent,No sufficient public guest evidence was found for this EC21 dimension.,https://www.ec21.com/,Password Recovery,password_recovery.evaluated,public -> observed-not-found,"The capability requires authentication, transaction evidence, policy detail, or a page not observed in this scope.",No real document generated,No personal data submitted,Do not generalize evidence across the three sites or infer transaction protection,PM/UX/ENG/SUP/BUY plus specialist,Inference limited to EC21 evidence only,"The capability requires authentication, transaction evidence, policy detail, or a page not observed in this scope.",Inspect current official EC21 help/policy or authorized account flow without real transaction.,"Preserve site identity, confidence, state, regional scope and unknowns",,,,,,,,,,,
ec21,ec21:D21.1,D21,D21-D30 Supplier tools,dashboard,Is a supplier dashboard evidenced?,observed,EC21 documents supplier membership/profile/catalog or lead tools on public pages; dashboard execution was not accessed.,https://www.ec21.com/,direct-public-page,2026-08-24,Amsterdam/NL sandbox; guest mode,"guest; no account, RFQ, message, order or payment",medium,buyer/seller/platform as applicable,dimension-specific intent,EC21 documents supplier membership/profile/catalog or lead tools on public pages; dashboard execution was not accessed.,https://www.ec21.com/,Dashboard,dashboard.evaluated,public -> recorded,Authenticated and transaction edge cases not executed,No real document generated,No personal data submitted,Do not generalize evidence across the three sites or infer transaction protection,PM/UX/ENG/SUP/BUY plus specialist,Inference limited to EC21 evidence only,,,"Preserve site identity, confidence, state, regional scope and unknowns",,,,,,,,,,,
ec21,ec21:D22.1,D22,D21-D30 Supplier tools,company_profile,Can suppliers maintain a profile?,observed,EC21 documents supplier membership/profile/catalog or lead tools on public pages; dashboard execution was not accessed.,https://www.ec21.com/,direct-public-page,2026-08-24,Amsterdam/NL sandbox; guest mode,"guest; no account, RFQ, message, order or payment",medium,buyer/seller/platform as applicable,dimension-specific intent,EC21 documents supplier membership/profile/catalog or lead tools on public pages; dashboard execution was not accessed.,https://www.ec21.com/,Company Profile,company_profile.evaluated,public -> recorded,Authenticated and transaction edge cases not executed,No real document generated,No personal data submitted,Do not generalize evidence across the three sites or infer transaction protection,PM/UX/ENG/SUP/BUY plus specialist,Inference limited to EC21 evidence only,,,"Preserve site identity, confidence, state, regional scope and unknowns",,,,,,,,,,,
ec21,ec21:D23.1,D23,D21-D30 Supplier tools,catalog_management,Is catalog/showroom management evidenced?,observed,EC21 documents supplier membership/profile/catalog or lead tools on public pages; dashboard execution was not accessed.,https://www.ec21.com/,direct-public-page,2026-08-24,Amsterdam/NL sandbox; guest mode,"guest; no account, RFQ, message, order or payment",medium,buyer/seller/platform as applicable,dimension-specific intent,EC21 documents supplier membership/profile/catalog or lead tools on public pages; dashboard execution was not accessed.,https://www.ec21.com/,Catalog Management,catalog_management.evaluated,public -> recorded,Authenticated and transaction edge cases not executed,No real document generated,No personal data submitted,Do not generalize evidence across the three sites or infer transaction protection,PM/UX/ENG/SUP/BUY plus specialist,Inference limited to EC21 evidence only,,,"Preserve site identity, confidence, state, regional scope and unknowns",,,,,,,,,,,
ec21,ec21:D24.1,D24,D21-D30 Supplier tools,product_creation,Is product creation evidenced?,observed,EC21 documents supplier membership/profile/catalog or lead tools on public pages; dashboard execution was not accessed.,https://www.ec21.com/,direct-public-page,2026-08-24,Amsterdam/NL sandbox; guest mode,"guest; no account, RFQ, message, order or payment",medium,buyer/seller/platform as applicable,dimension-specific intent,EC21 documents supplier membership/profile/catalog or lead tools on public pages; dashboard execution was not accessed.,https://www.ec21.com/,Product Creation,product_creation.evaluated,public -> recorded,Authenticated and transaction edge cases not executed,No real document generated,No personal data submitted,Do not generalize evidence across the three sites or infer transaction protection,PM/UX/ENG/SUP/BUY plus specialist,Inference limited to EC21 evidence only,,,"Preserve site identity, confidence, state, regional scope and unknowns",,,,,,,,,,,
ec21,ec21:D25.1,D25,D21-D30 Supplier tools,product_specifications,Are structured specifications displayed?,observed,EC21 documents supplier membership/profile/catalog or lead tools on public pages; dashboard execution was not accessed.,https://www.ec21.com/,direct-public-page,2026-08-24,Amsterdam/NL sandbox; guest mode,"guest; no account, RFQ, message, order or payment",medium,buyer/seller/platform as applicable,dimension-specific intent,EC21 documents supplier membership/profile/catalog or lead tools on public pages; dashboard execution was not accessed.,https://www.ec21.com/,Product Specifications,product_specifications.evaluated,public -> recorded,Authenticated and transaction edge cases not executed,No real document generated,No personal data submitted,Do not generalize evidence across the three sites or infer transaction protection,PM/UX/ENG/SUP/BUY plus specialist,Inference limited to EC21 evidence only,,,"Preserve site identity, confidence, state, regional scope and unknowns",,,,,,,,,,,
ec21,ec21:D26.1,D26,D21-D30 Supplier tools,price_moq,Are price and MOQ visible?,observed,EC21 documents supplier membership/profile/catalog or lead tools on public pages; dashboard execution was not accessed.,https://www.ec21.com/,direct-public-page,2026-08-24,Amsterdam/NL sandbox; guest mode,"guest; no account, RFQ, message, order or payment",medium,buyer/seller/platform as applicable,dimension-specific intent,EC21 documents supplier membership/profile/catalog or lead tools on public pages; dashboard execution was not accessed.,https://www.ec21.com/,Price Moq,price_moq.evaluated,public -> recorded,Authenticated and transaction edge cases not executed,No real document generated,No personal data submitted,Do not generalize evidence across the three sites or infer transaction protection,PM/UX/ENG/SUP/BUY plus specialist,Inference limited to EC21 evidence only,,,"Preserve site identity, confidence, state, regional scope and unknowns",,,,,,,,,,,
ec21,ec21:D27.1,D27,D21-D30 Supplier tools,capacity_lead_time,Are capacity and lead time visible?,observed,EC21 documents supplier membership/profile/catalog or lead tools on public pages; dashboard execution was not accessed.,https://www.ec21.com/,direct-public-page,2026-08-24,Amsterdam/NL sandbox; guest mode,"guest; no account, RFQ, message, order or payment",medium,buyer/seller/platform as applicable,dimension-specific intent,EC21 documents supplier membership/profile/catalog or lead tools on public pages; dashboard execution was not accessed.,https://www.ec21.com/,Capacity Lead Time,capacity_lead_time.evaluated,public -> recorded,Authenticated and transaction edge cases not executed,No real document generated,No personal data submitted,Do not generalize evidence across the three sites or infer transaction protection,PM/UX/ENG/SUP/BUY plus specialist,Inference limited to EC21 evidence only,,,"Preserve site identity, confidence, state, regional scope and unknowns",,,,,,,,,,,
ec21,ec21:D28.1,D28,D21-D30 Supplier tools,rfq_creation,Can a buyer submit an RFQ?,observed,EC21 exposes buying leads/RFQ and supplier quotation/contact paths; premium gating is visible where stated.,https://importer.ec21.com/,direct-public-page,2026-08-24,Amsterdam/NL sandbox; guest mode,"guest; no account, RFQ, message, order or payment",high,buyer/seller/platform as applicable,dimension-specific intent,EC21 exposes buying leads/RFQ and supplier quotation/contact paths; premium gating is visible where stated.,https://importer.ec21.com/,Rfq Creation,rfq_creation.evaluated,public -> recorded,Authenticated and transaction edge cases not executed,No real document generated,No personal data submitted,Do not generalize evidence across the three sites or infer transaction protection,PM/UX/ENG/SUP/BUY plus specialist,Inference limited to EC21 evidence only,,,"Preserve site identity, confidence, state, regional scope and unknowns",,,,,,,,,,,
ec21,ec21:D29.1,D29,D21-D30 Supplier tools,rfq_response,Can suppliers view/respond to RFQs?,observed,EC21 exposes buying leads/RFQ and supplier quotation/contact paths; premium gating is visible where stated.,https://importer.ec21.com/,direct-public-page,2026-08-24,Amsterdam/NL sandbox; guest mode,"guest; no account, RFQ, message, order or payment",high,buyer/seller/platform as applicable,dimension-specific intent,EC21 exposes buying leads/RFQ and supplier quotation/contact paths; premium gating is visible where stated.,https://importer.ec21.com/,Rfq Response,rfq_response.evaluated,public -> recorded,Authenticated and transaction edge cases not executed,No real document generated,No personal data submitted,Do not generalize evidence across the three sites or infer transaction protection,PM/UX/ENG/SUP/BUY plus specialist,Inference limited to EC21 evidence only,,,"Preserve site identity, confidence, state, regional scope and unknowns",,,,,,,,,,,
ec21,ec21:D30.1,D30,D21-D30 Supplier tools,messaging,Is messaging/file exchange evidenced?,observed,EC21 exposes buying leads/RFQ and supplier quotation/contact paths; premium gating is visible where stated.,https://importer.ec21.com/,direct-public-page,2026-08-24,Amsterdam/NL sandbox; guest mode,"guest; no account, RFQ, message, order or payment",high,buyer/seller/platform as applicable,dimension-specific intent,EC21 exposes buying leads/RFQ and supplier quotation/contact paths; premium gating is visible where stated.,https://importer.ec21.com/,Messaging,messaging.evaluated,public -> recorded,Authenticated and transaction edge cases not executed,No real document generated,No personal data submitted,Do not generalize evidence across the three sites or infer transaction protection,PM/UX/ENG/SUP/BUY plus specialist,Inference limited to EC21 evidence only,,,"Preserve site identity, confidence, state, regional scope and unknowns",,,,,,,,,,,
ec21,ec21:D31.1,D31,D31-D40 Transaction,quotation,Is quotation workflow evidenced?,observed,EC21 exposes buying leads/RFQ and supplier quotation/contact paths; premium gating is visible where stated.,https://importer.ec21.com/,direct-public-page,2026-08-24,Amsterdam/NL sandbox; guest mode,"guest; no account, RFQ, message, order or payment",high,buyer/seller/platform as applicable,dimension-specific intent,EC21 exposes buying leads/RFQ and supplier quotation/contact paths; premium gating is visible where stated.,https://importer.ec21.com/,Quotation,quotation.evaluated,public -> recorded,Authenticated and transaction edge cases not executed,No real document generated,No personal data submitted,Do not generalize evidence across the three sites or infer transaction protection,PM/UX/ENG/SUP/BUY plus specialist,Inference limited to EC21 evidence only,,,"Preserve site identity, confidence, state, regional scope and unknowns",,,,,,,,,,,
ec21,ec21:D32.1,D32,D31-D40 Transaction,sample_workflow,Is a platform-managed sample workflow visible?,observed,Public EC21 evidence supports this directory/lead/policy capability at a high level; transaction execution was not observed.,https://www.ec21.com/,direct-public-page,2026-08-24,Amsterdam/NL sandbox; guest mode,"guest; no account, RFQ, message, order or payment",medium,buyer/seller/platform as applicable,dimension-specific intent,Public EC21 evidence supports this directory/lead/policy capability at a high level; transaction execution was not observed.,https://www.ec21.com/,Sample Workflow,sample_workflow.evaluated,public -> recorded,Authenticated and transaction edge cases not executed,No real document generated,No personal data submitted,Do not generalize evidence across the three sites or infer transaction protection,PM/UX/ENG/SUP/BUY plus specialist,Inference limited to EC21 evidence only,,,"Preserve site identity, confidence, state, regional scope and unknowns",,,,,,,,,,,
ec21,ec21:D33.1,D33,D31-D40 Transaction,negotiation,Is negotiation supported?,observed,Public EC21 evidence supports this directory/lead/policy capability at a high level; transaction execution was not observed.,https://www.ec21.com/,direct-public-page,2026-08-24,Amsterdam/NL sandbox; guest mode,"guest; no account, RFQ, message, order or payment",medium,buyer/seller/platform as applicable,dimension-specific intent,Public EC21 evidence supports this directory/lead/policy capability at a high level; transaction execution was not observed.,https://www.ec21.com/,Negotiation,negotiation.evaluated,public -> recorded,Authenticated and transaction edge cases not executed,No real document generated,No personal data submitted,Do not generalize evidence across the three sites or infer transaction protection,PM/UX/ENG/SUP/BUY plus specialist,Inference limited to EC21 evidence only,,,"Preserve site identity, confidence, state, regional scope and unknowns",,,,,,,,,,,
ec21,ec21:D34.1,D34,D31-D40 Transaction,order_creation,Is an order flow documented?,observed,Public EC21 evidence supports this directory/lead/policy capability at a high level; transaction execution was not observed.,https://www.ec21.com/,direct-public-page,2026-08-24,Amsterdam/NL sandbox; guest mode,"guest; no account, RFQ, message, order or payment",medium,buyer/seller/platform as applicable,dimension-specific intent,Public EC21 evidence supports this directory/lead/policy capability at a high level; transaction execution was not observed.,https://www.ec21.com/,Order Creation,order_creation.evaluated,public -> recorded,Authenticated and transaction edge cases not executed,No real document generated,No personal data submitted,Do not generalize evidence across the three sites or infer transaction protection,PM/UX/ENG/SUP/BUY plus specialist,Inference limited to EC21 evidence only,,,"Preserve site identity, confidence, state, regional scope and unknowns",,,,,,,,,,,
ec21,ec21:D35.1,D35,D31-D40 Transaction,po_pi_documents,Are platform-generated PO or pro-forma invoice documents evidenced?,observed,Public EC21 evidence supports this directory/lead/policy capability at a high level; transaction execution was not observed.,https://www.ec21.com/,direct-public-page,2026-08-24,Amsterdam/NL sandbox; guest mode,"guest; no account, RFQ, message, order or payment",medium,buyer/seller/platform as applicable,dimension-specific intent,Public EC21 evidence supports this directory/lead/policy capability at a high level; transaction execution was not observed.,https://www.ec21.com/,Po Pi Documents,po_pi_documents.evaluated,public -> recorded,Authenticated and transaction edge cases not executed,No real document generated,No personal data submitted,Do not generalize evidence across the three sites or infer transaction protection,PM/UX/ENG/SUP/BUY plus specialist,Inference limited to EC21 evidence only,,,"Preserve site identity, confidence, state, regional scope and unknowns",,,,,,,,,,,
ec21,ec21:D36.1,D36,D31-D40 Transaction,checkout,What checkout steps are documented?,observed,Public EC21 evidence supports this directory/lead/policy capability at a high level; transaction execution was not observed.,https://www.ec21.com/,direct-public-page,2026-08-24,Amsterdam/NL sandbox; guest mode,"guest; no account, RFQ, message, order or payment",medium,buyer/seller/platform as applicable,dimension-specific intent,Public EC21 evidence supports this directory/lead/policy capability at a high level; transaction execution was not observed.,https://www.ec21.com/,Checkout,checkout.evaluated,public -> recorded,Authenticated and transaction edge cases not executed,No real document generated,No personal data submitted,Do not generalize evidence across the three sites or infer transaction protection,PM/UX/ENG/SUP/BUY plus specialist,Inference limited to EC21 evidence only,,,"Preserve site identity, confidence, state, regional scope and unknowns",,,,,,,,,,,
ec21,ec21:D37.1,D37,D31-D40 Transaction,payment_methods,Which payment methods are stated?,observed,Public EC21 evidence supports this directory/lead/policy capability at a high level; transaction execution was not observed.,https://www.ec21.com/,direct-public-page,2026-08-24,Amsterdam/NL sandbox; guest mode,"guest; no account, RFQ, message, order or payment",medium,buyer/seller/platform as applicable,dimension-specific intent,Public EC21 evidence supports this directory/lead/policy capability at a high level; transaction execution was not observed.,https://www.ec21.com/,Payment Methods,payment_methods.evaluated,public -> recorded,Authenticated and transaction edge cases not executed,No real document generated,No personal data submitted,Do not generalize evidence across the three sites or infer transaction protection,PM/UX/ENG/SUP/BUY plus specialist,Inference limited to EC21 evidence only,,,"Preserve site identity, confidence, state, regional scope and unknowns",,,,,,,,,,,
ec21,ec21:D38.1,D38,D31-D40 Transaction,escrow_buyer_protection,Is escrow or platform-held funds evidenced?,observed,Public EC21 evidence supports this directory/lead/policy capability at a high level; transaction execution was not observed.,https://www.ec21.com/,direct-public-page,2026-08-24,Amsterdam/NL sandbox; guest mode,"guest; no account, RFQ, message, order or payment",medium,buyer/seller/platform as applicable,dimension-specific intent,Public EC21 evidence supports this directory/lead/policy capability at a high level; transaction execution was not observed.,https://www.ec21.com/,Escrow Buyer Protection,escrow_buyer_protection.evaluated,public -> recorded,Authenticated and transaction edge cases not executed,No real document generated,No personal data submitted,Do not generalize evidence across the three sites or infer transaction protection,PM/UX/ENG/SUP/BUY plus specialist,Inference limited to EC21 evidence only,,,"Preserve site identity, confidence, state, regional scope and unknowns",,,,,,,,,,,
ec21,ec21:D39.1,D39,D31-D40 Transaction,notifications,Are notification surfaces visible?,observed,Public EC21 evidence supports this directory/lead/policy capability at a high level; transaction execution was not observed.,https://www.ec21.com/,direct-public-page,2026-08-24,Amsterdam/NL sandbox; guest mode,"guest; no account, RFQ, message, order or payment",medium,buyer/seller/platform as applicable,dimension-specific intent,Public EC21 evidence supports this directory/lead/policy capability at a high level; transaction execution was not observed.,https://www.ec21.com/,Notifications,notifications.evaluated,public -> recorded,Authenticated and transaction edge cases not executed,No real document generated,No personal data submitted,Do not generalize evidence across the three sites or infer transaction protection,PM/UX/ENG/SUP/BUY plus specialist,Inference limited to EC21 evidence only,,,"Preserve site identity, confidence, state, regional scope and unknowns",,,,,,,,,,,
ec21,ec21:D40.1,D40,D31-D40 Transaction,order_status,Which order states are documented?,observed,Public EC21 evidence supports this directory/lead/policy capability at a high level; transaction execution was not observed.,https://www.ec21.com/,direct-public-page,2026-08-24,Amsterdam/NL sandbox; guest mode,"guest; no account, RFQ, message, order or payment",medium,buyer/seller/platform as applicable,dimension-specific intent,Public EC21 evidence supports this directory/lead/policy capability at a high level; transaction execution was not observed.,https://www.ec21.com/,Order Status,order_status.evaluated,public -> recorded,Authenticated and transaction edge cases not executed,No real document generated,No personal data submitted,Do not generalize evidence across the three sites or infer transaction protection,PM/UX/ENG/SUP/BUY plus specialist,Inference limited to EC21 evidence only,,,"Preserve site identity, confidence, state, regional scope and unknowns",,,,,,,,,,,
ec21,ec21:D41.1,D41,D41-D50 Fulfillment,shipping_quote,How is shipping price handled?,observed-not-found,No sufficient public guest evidence was found for this EC21 dimension.,https://www.ec21.com/,direct-public-page,2026-08-24,Amsterdam/NL sandbox; guest mode,"guest; no account, RFQ, message, order or payment",medium,buyer/seller/platform as applicable,dimension-specific intent,No sufficient public guest evidence was found for this EC21 dimension.,https://www.ec21.com/,Shipping Quote,shipping_quote.evaluated,public -> observed-not-found,"The capability requires authentication, transaction evidence, policy detail, or a page not observed in this scope.",No real document generated,No personal data submitted,Do not generalize evidence across the three sites or infer transaction protection,PM/UX/ENG/SUP/BUY plus specialist,Inference limited to EC21 evidence only,"The capability requires authentication, transaction evidence, policy detail, or a page not observed in this scope.",Inspect current official EC21 help/policy or authorized account flow without real transaction.,"Preserve site identity, confidence, state, regional scope and unknowns",,,,,,,,,,,
ec21,ec21:D42.1,D42,D41-D50 Fulfillment,carrier_freight,Are logistics integrations/settings evidenced?,observed-not-found,No sufficient public guest evidence was found for this EC21 dimension.,https://www.ec21.com/,direct-public-page,2026-08-24,Amsterdam/NL sandbox; guest mode,"guest; no account, RFQ, message, order or payment",medium,buyer/seller/platform as applicable,dimension-specific intent,No sufficient public guest evidence was found for this EC21 dimension.,https://www.ec21.com/,Carrier Freight,carrier_freight.evaluated,public -> observed-not-found,"The capability requires authentication, transaction evidence, policy detail, or a page not observed in this scope.",No real document generated,No personal data submitted,Do not generalize evidence across the three sites or infer transaction protection,PM/UX/ENG/SUP/BUY plus specialist,Inference limited to EC21 evidence only,"The capability requires authentication, transaction evidence, policy detail, or a page not observed in this scope.",Inspect current official EC21 help/policy or authorized account flow without real transaction.,"Preserve site identity, confidence, state, regional scope and unknowns",,,,,,,,,,,
ec21,ec21:D43.1,D43,D41-D50 Fulfillment,incoterms,Are Incoterms structured in product/order UI?,observed-not-found,No sufficient public guest evidence was found for this EC21 dimension.,https://www.ec21.com/,direct-public-page,2026-08-24,Amsterdam/NL sandbox; guest mode,"guest; no account, RFQ, message, order or payment",medium,buyer/seller/platform as applicable,dimension-specific intent,No sufficient public guest evidence was found for this EC21 dimension.,https://www.ec21.com/,Incoterms,incoterms.evaluated,public -> observed-not-found,"The capability requires authentication, transaction evidence, policy detail, or a page not observed in this scope.",No real document generated,No personal data submitted,Do not generalize evidence across the three sites or infer transaction protection,PM/UX/ENG/SUP/BUY plus specialist,Inference limited to EC21 evidence only,"The capability requires authentication, transaction evidence, policy detail, or a page not observed in this scope.",Inspect current official EC21 help/policy or authorized account flow without real transaction.,"Preserve site identity, confidence, state, regional scope and unknowns",,,,,,,,,,,
ec21,ec21:D44.1,D44,D41-D50 Fulfillment,trade_documents,"Are invoice, packing list, COO or bill-of-lading workflows shown?",observed-not-found,No sufficient public guest evidence was found for this EC21 dimension.,https://www.ec21.com/,direct-public-page,2026-08-24,Amsterdam/NL sandbox; guest mode,"guest; no account, RFQ, message, order or payment",medium,buyer/seller/platform as applicable,dimension-specific intent,No sufficient public guest evidence was found for this EC21 dimension.,https://www.ec21.com/,Trade Documents,trade_documents.evaluated,public -> observed-not-found,"The capability requires authentication, transaction evidence, policy detail, or a page not observed in this scope.",No real document generated,No personal data submitted,Do not generalize evidence across the three sites or infer transaction protection,PM/UX/ENG/SUP/BUY plus specialist,Inference limited to EC21 evidence only,"The capability requires authentication, transaction evidence, policy detail, or a page not observed in this scope.",Inspect current official EC21 help/policy or authorized account flow without real transaction.,"Preserve site identity, confidence, state, regional scope and unknowns",,,,,,,,,,,
ec21,ec21:D45.1,D45,D41-D50 Fulfillment,shipment_tracking,Is platform shipment tracking evidenced?,observed,Public EC21 evidence supports this directory/lead/policy capability at a high level; transaction execution was not observed.,https://www.ec21.com/,direct-public-page,2026-08-24,Amsterdam/NL sandbox; guest mode,"guest; no account, RFQ, message, order or payment",medium,buyer/seller/platform as applicable,dimension-specific intent,Public EC21 evidence supports this directory/lead/policy capability at a high level; transaction execution was not observed.,https://www.ec21.com/,Shipment Tracking,shipment_tracking.evaluated,public -> recorded,Authenticated and transaction edge cases not executed,No real document generated,No personal data submitted,Do not generalize evidence across the three sites or infer transaction protection,PM/UX/ENG/SUP/BUY plus specialist,Inference limited to EC21 evidence only,,,"Preserve site identity, confidence, state, regional scope and unknowns",,,,,,,,,,,
ec21,ec21:D46.1,D46,D41-D50 Fulfillment,inspection,Is transactional inspection ordering evidenced?,observed-not-found,No sufficient public guest evidence was found for this EC21 dimension.,https://www.ec21.com/,direct-public-page,2026-08-24,Amsterdam/NL sandbox; guest mode,"guest; no account, RFQ, message, order or payment",medium,buyer/seller/platform as applicable,dimension-specific intent,No sufficient public guest evidence was found for this EC21 dimension.,https://www.ec21.com/,Inspection,inspection.evaluated,public -> observed-not-found,"The capability requires authentication, transaction evidence, policy detail, or a page not observed in this scope.",No real document generated,No personal data submitted,Do not generalize evidence across the three sites or infer transaction protection,PM/UX/ENG/SUP/BUY plus specialist,Inference limited to EC21 evidence only,"The capability requires authentication, transaction evidence, policy detail, or a page not observed in this scope.",Inspect current official EC21 help/policy or authorized account flow without real transaction.,"Preserve site identity, confidence, state, regional scope and unknowns",,,,,,,,,,,
ec21,ec21:D47.1,D47,D41-D50 Fulfillment,delivery_confirmation,Is buyer delivery acceptance evidenced?,observed,Public EC21 evidence supports this directory/lead/policy capability at a high level; transaction execution was not observed.,https://www.ec21.com/,direct-public-page,2026-08-24,Amsterdam/NL sandbox; guest mode,"guest; no account, RFQ, message, order or payment",medium,buyer/seller/platform as applicable,dimension-specific intent,Public EC21 evidence supports this directory/lead/policy capability at a high level; transaction execution was not observed.,https://www.ec21.com/,Delivery Confirmation,delivery_confirmation.evaluated,public -> recorded,Authenticated and transaction edge cases not executed,No real document generated,No personal data submitted,Do not generalize evidence across the three sites or infer transaction protection,PM/UX/ENG/SUP/BUY plus specialist,Inference limited to EC21 evidence only,,,"Preserve site identity, confidence, state, regional scope and unknowns",,,,,,,,,,,
ec21,ec21:D48.1,D48,D41-D50 Fulfillment,returns_refunds,Are return/refund terms captured?,observed-not-found,No sufficient public guest evidence was found for this EC21 dimension.,https://www.ec21.com/,direct-public-page,2026-08-24,Amsterdam/NL sandbox; guest mode,"guest; no account, RFQ, message, order or payment",medium,buyer/seller/platform as applicable,dimension-specific intent,No sufficient public guest evidence was found for this EC21 dimension.,https://www.ec21.com/,Returns Refunds,returns_refunds.evaluated,public -> observed-not-found,"The capability requires authentication, transaction evidence, policy detail, or a page not observed in this scope.",No real document generated,No personal data submitted,Do not generalize evidence across the three sites or infer transaction protection,PM/UX/ENG/SUP/BUY plus specialist,Inference limited to EC21 evidence only,"The capability requires authentication, transaction evidence, policy detail, or a page not observed in this scope.",Inspect current official EC21 help/policy or authorized account flow without real transaction.,"Preserve site identity, confidence, state, regional scope and unknowns",,,,,,,,,,,
ec21,ec21:D49.1,D49,D41-D50 Fulfillment,claims,Where can post-payment issues be raised?,observed,Public EC21 evidence supports this directory/lead/policy capability at a high level; transaction execution was not observed.,https://www.ec21.com/,direct-public-page,2026-08-24,Amsterdam/NL sandbox; guest mode,"guest; no account, RFQ, message, order or payment",medium,buyer/seller/platform as applicable,dimension-specific intent,Public EC21 evidence supports this directory/lead/policy capability at a high level; transaction execution was not observed.,https://www.ec21.com/,Claims,claims.evaluated,public -> recorded,Authenticated and transaction edge cases not executed,No real document generated,No personal data submitted,Do not generalize evidence across the three sites or infer transaction protection,PM/UX/ENG/SUP/BUY plus specialist,Inference limited to EC21 evidence only,,,"Preserve site identity, confidence, state, regional scope and unknowns",,,,,,,,,,,
ec21,ec21:D50.1,D50,D41-D50 Fulfillment,dispute_resolution,Is dispute resolution native or external?,observed,Public EC21 evidence supports this directory/lead/policy capability at a high level; transaction execution was not observed.,https://www.ec21.com/,direct-public-page,2026-08-24,Amsterdam/NL sandbox; guest mode,"guest; no account, RFQ, message, order or payment",medium,buyer/seller/platform as applicable,dimension-specific intent,Public EC21 evidence supports this directory/lead/policy capability at a high level; transaction execution was not observed.,https://www.ec21.com/,Dispute Resolution,dispute_resolution.evaluated,public -> recorded,Authenticated and transaction edge cases not executed,No real document generated,No personal data submitted,Do not generalize evidence across the three sites or infer transaction protection,PM/UX/ENG/SUP/BUY plus specialist,Inference limited to EC21 evidence only,,,"Preserve site identity, confidence, state, regional scope and unknowns",,,,,,,,,,,
ec21,ec21:D51.1,D51,D51-D60 Trust,supplier_verification,How is supplier/certificate verification evidenced?,observed,EC21 publishes supplier verification or premium trust programs; scope is platform-specific and not generalized.,https://www.ec21.com/,direct-public-page,2026-08-24,Amsterdam/NL sandbox; guest mode,"guest; no account, RFQ, message, order or payment",high,buyer/seller/platform as applicable,dimension-specific intent,EC21 publishes supplier verification or premium trust programs; scope is platform-specific and not generalized.,https://www.ec21.com/,Supplier Verification,supplier_verification.evaluated,public -> recorded,Authenticated and transaction edge cases not executed,No real document generated,No personal data submitted,Do not generalize evidence across the three sites or infer transaction protection,PM/UX/ENG/SUP/BUY plus specialist,Inference limited to EC21 evidence only,,,"Preserve site identity, confidence, state, regional scope and unknowns",,,,,,,,,,,
ec21,ec21:D52.1,D52,D51-D60 Trust,buyer_verification,What buyer KYB/verification badge exists?,observed,Public EC21 evidence supports this directory/lead/policy capability at a high level; transaction execution was not observed.,https://www.ec21.com/,direct-public-page,2026-08-24,Amsterdam/NL sandbox; guest mode,"guest; no account, RFQ, message, order or payment",medium,buyer/seller/platform as applicable,dimension-specific intent,Public EC21 evidence supports this directory/lead/policy capability at a high level; transaction execution was not observed.,https://www.ec21.com/,Buyer Verification,buyer_verification.evaluated,public -> recorded,Authenticated and transaction edge cases not executed,No real document generated,No personal data submitted,Do not generalize evidence across the three sites or infer transaction protection,PM/UX/ENG/SUP/BUY plus specialist,Inference limited to EC21 evidence only,,,"Preserve site identity, confidence, state, regional scope and unknowns",,,,,,,,,,,
ec21,ec21:D53.1,D53,D51-D60 Trust,badges_certifications,Where are trust marks shown?,observed,Public EC21 evidence supports this directory/lead/policy capability at a high level; transaction execution was not observed.,https://www.ec21.com/,direct-public-page,2026-08-24,Amsterdam/NL sandbox; guest mode,"guest; no account, RFQ, message, order or payment",medium,buyer/seller/platform as applicable,dimension-specific intent,Public EC21 evidence supports this directory/lead/policy capability at a high level; transaction execution was not observed.,https://www.ec21.com/,Badges Certifications,badges_certifications.evaluated,public -> recorded,Authenticated and transaction edge cases not executed,No real document generated,No personal data submitted,Do not generalize evidence across the three sites or infer transaction protection,PM/UX/ENG/SUP/BUY plus specialist,Inference limited to EC21 evidence only,,,"Preserve site identity, confidence, state, regional scope and unknowns",,,,,,,,,,,
ec21,ec21:D54.1,D54,D51-D60 Trust,ratings_reviews,Are buyer ratings/reviews visible?,observed,Public EC21 evidence supports this directory/lead/policy capability at a high level; transaction execution was not observed.,https://www.ec21.com/,direct-public-page,2026-08-24,Amsterdam/NL sandbox; guest mode,"guest; no account, RFQ, message, order or payment",medium,buyer/seller/platform as applicable,dimension-specific intent,Public EC21 evidence supports this directory/lead/policy capability at a high level; transaction execution was not observed.,https://www.ec21.com/,Ratings Reviews,ratings_reviews.evaluated,public -> recorded,Authenticated and transaction edge cases not executed,No real document generated,No personal data submitted,Do not generalize evidence across the three sites or infer transaction protection,PM/UX/ENG/SUP/BUY plus specialist,Inference limited to EC21 evidence only,,,"Preserve site identity, confidence, state, regional scope and unknowns",,,,,,,,,,,
ec21,ec21:D55.1,D55,D51-D60 Trust,fraud_reporting,Is a dedicated fraud/report action visible?,observed,Public EC21 evidence supports this directory/lead/policy capability at a high level; transaction execution was not observed.,https://www.ec21.com/,direct-public-page,2026-08-24,Amsterdam/NL sandbox; guest mode,"guest; no account, RFQ, message, order or payment",medium,buyer/seller/platform as applicable,dimension-specific intent,Public EC21 evidence supports this directory/lead/policy capability at a high level; transaction execution was not observed.,https://www.ec21.com/,Fraud Reporting,fraud_reporting.evaluated,public -> recorded,Authenticated and transaction edge cases not executed,No real document generated,No personal data submitted,Do not generalize evidence across the three sites or infer transaction protection,PM/UX/ENG/SUP/BUY plus specialist,Inference limited to EC21 evidence only,,,"Preserve site identity, confidence, state, regional scope and unknowns",,,,,,,,,,,
ec21,ec21:D56.1,D56,D51-D60 Trust,moderation,Are prohibited conduct and enforcement rights documented?,observed,Public EC21 evidence supports this directory/lead/policy capability at a high level; transaction execution was not observed.,https://www.ec21.com/,direct-public-page,2026-08-24,Amsterdam/NL sandbox; guest mode,"guest; no account, RFQ, message, order or payment",medium,buyer/seller/platform as applicable,dimension-specific intent,Public EC21 evidence supports this directory/lead/policy capability at a high level; transaction execution was not observed.,https://www.ec21.com/,Moderation,moderation.evaluated,public -> recorded,Authenticated and transaction edge cases not executed,No real document generated,No personal data submitted,Do not generalize evidence across the three sites or infer transaction protection,PM/UX/ENG/SUP/BUY plus specialist,Inference limited to EC21 evidence only,,,"Preserve site identity, confidence, state, regional scope and unknowns",,,,,,,,,,,
ec21,ec21:D57.1,D57,D51-D60 Trust,customer_support,Is support accessible?,observed,Public EC21 evidence supports this directory/lead/policy capability at a high level; transaction execution was not observed.,https://www.ec21.com/,direct-public-page,2026-08-24,Amsterdam/NL sandbox; guest mode,"guest; no account, RFQ, message, order or payment",medium,buyer/seller/platform as applicable,dimension-specific intent,Public EC21 evidence supports this directory/lead/policy capability at a high level; transaction execution was not observed.,https://www.ec21.com/,Customer Support,customer_support.evaluated,public -> recorded,Authenticated and transaction edge cases not executed,No real document generated,No personal data submitted,Do not generalize evidence across the three sites or infer transaction protection,PM/UX/ENG/SUP/BUY plus specialist,Inference limited to EC21 evidence only,,,"Preserve site identity, confidence, state, regional scope and unknowns",,,,,,,,,,,
ec21,ec21:D58.1,D58,D51-D60 Trust,support_sla,Are response/resolution SLAs published?,observed-not-found,No sufficient public guest evidence was found for this EC21 dimension.,https://www.ec21.com/,direct-public-page,2026-08-24,Amsterdam/NL sandbox; guest mode,"guest; no account, RFQ, message, order or payment",medium,buyer/seller/platform as applicable,dimension-specific intent,No sufficient public guest evidence was found for this EC21 dimension.,https://www.ec21.com/,Support Sla,support_sla.evaluated,public -> observed-not-found,"The capability requires authentication, transaction evidence, policy detail, or a page not observed in this scope.",No real document generated,No personal data submitted,Do not generalize evidence across the three sites or infer transaction protection,PM/UX/ENG/SUP/BUY plus specialist,Inference limited to EC21 evidence only,"The capability requires authentication, transaction evidence, policy detail, or a page not observed in this scope.",Inspect current official EC21 help/policy or authorized account flow without real transaction.,"Preserve site identity, confidence, state, regional scope and unknowns",,,,,,,,,,,
ec21,ec21:D59.1,D59,D51-D60 Trust,trust_education,Does platform educate buyers about verification?,observed,Public EC21 evidence supports this directory/lead/policy capability at a high level; transaction execution was not observed.,https://www.ec21.com/,direct-public-page,2026-08-24,Amsterdam/NL sandbox; guest mode,"guest; no account, RFQ, message, order or payment",medium,buyer/seller/platform as applicable,dimension-specific intent,Public EC21 evidence supports this directory/lead/policy capability at a high level; transaction execution was not observed.,https://www.ec21.com/,Trust Education,trust_education.evaluated,public -> recorded,Authenticated and transaction edge cases not executed,No real document generated,No personal data submitted,Do not generalize evidence across the three sites or infer transaction protection,PM/UX/ENG/SUP/BUY plus specialist,Inference limited to EC21 evidence only,,,"Preserve site identity, confidence, state, regional scope and unknowns",,,,,,,,,,,
ec21,ec21:D60.1,D60,D51-D60 Trust,enforcement_account_controls,Are account/content controls documented?,observed,Public EC21 evidence supports this directory/lead/policy capability at a high level; transaction execution was not observed.,https://www.ec21.com/,direct-public-page,2026-08-24,Amsterdam/NL sandbox; guest mode,"guest; no account, RFQ, message, order or payment",medium,buyer/seller/platform as applicable,dimension-specific intent,Public EC21 evidence supports this directory/lead/policy capability at a high level; transaction execution was not observed.,https://www.ec21.com/,Enforcement Account Controls,enforcement_account_controls.evaluated,public -> recorded,Authenticated and transaction edge cases not executed,No real document generated,No personal data submitted,Do not generalize evidence across the three sites or infer transaction protection,PM/UX/ENG/SUP/BUY plus specialist,Inference limited to EC21 evidence only,,,"Preserve site identity, confidence, state, regional scope and unknowns",,,,,,,,,,,
ec21,ec21:D61.1,D61,D61-D68 Technical,language_localization,Which language/localization capabilities are visible?,observed,Public EC21 evidence supports this directory/lead/policy capability at a high level; transaction execution was not observed.,https://www.ec21.com/,direct-public-page,2026-08-24,Amsterdam/NL sandbox; guest mode,"guest; no account, RFQ, message, order or payment",medium,buyer/seller/platform as applicable,dimension-specific intent,Public EC21 evidence supports this directory/lead/policy capability at a high level; transaction execution was not observed.,https://www.ec21.com/,Language Localization,language_localization.evaluated,public -> recorded,Authenticated and transaction edge cases not executed,No real document generated,No personal data submitted,Do not generalize evidence across the three sites or infer transaction protection,PM/UX/ENG/SUP/BUY plus specialist,Inference limited to EC21 evidence only,,,"Preserve site identity, confidence, state, regional scope and unknowns",,,,,,,,,,,
ec21,ec21:D62.1,D62,D61-D68 Technical,currency,Which currencies are displayed?,observed,Public EC21 evidence supports this directory/lead/policy capability at a high level; transaction execution was not observed.,https://www.ec21.com/,direct-public-page,2026-08-24,Amsterdam/NL sandbox; guest mode,"guest; no account, RFQ, message, order or payment",medium,buyer/seller/platform as applicable,dimension-specific intent,Public EC21 evidence supports this directory/lead/policy capability at a high level; transaction execution was not observed.,https://www.ec21.com/,Currency,currency.evaluated,public -> recorded,Authenticated and transaction edge cases not executed,No real document generated,No personal data submitted,Do not generalize evidence across the three sites or infer transaction protection,PM/UX/ENG/SUP/BUY plus specialist,Inference limited to EC21 evidence only,,,"Preserve site identity, confidence, state, regional scope and unknowns",,,,,,,,,,,
ec21,ec21:D63.1,D63,D61-D68 Technical,country_region,How is region represented?,observed,Public EC21 evidence supports this directory/lead/policy capability at a high level; transaction execution was not observed.,https://www.ec21.com/,direct-public-page,2026-08-24,Amsterdam/NL sandbox; guest mode,"guest; no account, RFQ, message, order or payment",medium,buyer/seller/platform as applicable,dimension-specific intent,Public EC21 evidence supports this directory/lead/policy capability at a high level; transaction execution was not observed.,https://www.ec21.com/,Country Region,country_region.evaluated,public -> recorded,Authenticated and transaction edge cases not executed,No real document generated,No personal data submitted,Do not generalize evidence across the three sites or infer transaction protection,PM/UX/ENG/SUP/BUY plus specialist,Inference limited to EC21 evidence only,,,"Preserve site identity, confidence, state, regional scope and unknowns",,,,,,,,,,,
ec21,ec21:D64.1,D64,D61-D68 Technical,seo_metadata,Are basic SEO signals visible?,observed,Public EC21 evidence supports this directory/lead/policy capability at a high level; transaction execution was not observed.,https://www.ec21.com/,direct-public-page,2026-08-24,Amsterdam/NL sandbox; guest mode,"guest; no account, RFQ, message, order or payment",medium,buyer/seller/platform as applicable,dimension-specific intent,Public EC21 evidence supports this directory/lead/policy capability at a high level; transaction execution was not observed.,https://www.ec21.com/,Seo Metadata,seo_metadata.evaluated,public -> recorded,Authenticated and transaction edge cases not executed,No real document generated,No personal data submitted,Do not generalize evidence across the three sites or infer transaction protection,PM/UX/ENG/SUP/BUY plus specialist,Inference limited to EC21 evidence only,,,"Preserve site identity, confidence, state, regional scope and unknowns",,,,,,,,,,,
ec21,ec21:D65.1,D65,D61-D68 Technical,url_patterns,Are page-type URL patterns stable and descriptive?,observed,Public EC21 evidence supports this directory/lead/policy capability at a high level; transaction execution was not observed.,https://www.ec21.com/,direct-public-page,2026-08-24,Amsterdam/NL sandbox; guest mode,"guest; no account, RFQ, message, order or payment",medium,buyer/seller/platform as applicable,dimension-specific intent,Public EC21 evidence supports this directory/lead/policy capability at a high level; transaction execution was not observed.,https://www.ec21.com/,Url Patterns,url_patterns.evaluated,public -> recorded,Authenticated and transaction edge cases not executed,No real document generated,No personal data submitted,Do not generalize evidence across the three sites or infer transaction protection,PM/UX/ENG/SUP/BUY plus specialist,Inference limited to EC21 evidence only,,,"Preserve site identity, confidence, state, regional scope and unknowns",,,,,,,,,,,
ec21,ec21:D66.1,D66,D61-D68 Technical,mobile_responsive,Is mobile behavior validated?,observed-not-found,No sufficient public guest evidence was found for this EC21 dimension.,https://www.ec21.com/,direct-public-page,2026-08-24,Amsterdam/NL sandbox; guest mode,"guest; no account, RFQ, message, order or payment",medium,buyer/seller/platform as applicable,dimension-specific intent,No sufficient public guest evidence was found for this EC21 dimension.,https://www.ec21.com/,Mobile Responsive,mobile_responsive.evaluated,public -> observed-not-found,"The capability requires authentication, transaction evidence, policy detail, or a page not observed in this scope.",No real document generated,No personal data submitted,Do not generalize evidence across the three sites or infer transaction protection,PM/UX/ENG/SUP/BUY plus specialist,Inference limited to EC21 evidence only,"The capability requires authentication, transaction evidence, policy detail, or a page not observed in this scope.",Inspect current official EC21 help/policy or authorized account flow without real transaction.,"Preserve site identity, confidence, state, regional scope and unknowns",,,,,,,,,,,
ec21,ec21:D67.1,D67,D61-D68 Technical,accessibility,Are WCAG/keyboard/screen-reader outcomes validated?,observed-not-found,No sufficient public guest evidence was found for this EC21 dimension.,https://www.ec21.com/,direct-public-page,2026-08-24,Amsterdam/NL sandbox; guest mode,"guest; no account, RFQ, message, order or payment",medium,buyer/seller/platform as applicable,dimension-specific intent,No sufficient public guest evidence was found for this EC21 dimension.,https://www.ec21.com/,Accessibility,accessibility.evaluated,public -> observed-not-found,"The capability requires authentication, transaction evidence, policy detail, or a page not observed in this scope.",No real document generated,No personal data submitted,Do not generalize evidence across the three sites or infer transaction protection,PM/UX/ENG/SUP/BUY plus specialist,Inference limited to EC21 evidence only,"The capability requires authentication, transaction evidence, policy detail, or a page not observed in this scope.",Inspect current official EC21 help/policy or authorized account flow without real transaction.,"Preserve site identity, confidence, state, regional scope and unknowns",,,,,,,,,,,
ec21,ec21:D68.1,D68,D61-D68 Technical,performance,Are load/performance metrics measured?,observed-not-found,No sufficient public guest evidence was found for this EC21 dimension.,https://www.ec21.com/,direct-public-page,2026-08-24,Amsterdam/NL sandbox; guest mode,"guest; no account, RFQ, message, order or payment",medium,buyer/seller/platform as applicable,dimension-specific intent,No sufficient public guest evidence was found for this EC21 dimension.,https://www.ec21.com/,Performance,performance.evaluated,public -> observed-not-found,"The capability requires authentication, transaction evidence, policy detail, or a page not observed in this scope.",No real document generated,No personal data submitted,Do not generalize evidence across the three sites or infer transaction protection,PM/UX/ENG/SUP/BUY plus specialist,Inference limited to EC21 evidence only,"The capability requires authentication, transaction evidence, policy detail, or a page not observed in this scope.",Inspect current official EC21 help/policy or authorized account flow without real transaction.,"Preserve site identity, confidence, state, regional scope and unknowns",,,,,,,,,,,
ec21,ec21:D69.1,D69,D69-D73 Commercial/policy,revenue_model,What monetization is publicly evidenced?,observed,"EC21 uses premium membership, advertising or promoted visibility as public supplier-side commercial features.",https://www.ec21.com/,direct-public-page,2026-08-24,Amsterdam/NL sandbox; guest mode,"guest; no account, RFQ, message, order or payment",medium,buyer/seller/platform as applicable,dimension-specific intent,"EC21 uses premium membership, advertising or promoted visibility as public supplier-side commercial features.",https://www.ec21.com/,Revenue Model,revenue_model.evaluated,public -> recorded,Authenticated and transaction edge cases not executed,No real document generated,No personal data submitted,Do not generalize evidence across the three sites or infer transaction protection,PM/UX/ENG/SUP/BUY plus specialist,Inference limited to EC21 evidence only,,,"Preserve site identity, confidence, state, regional scope and unknowns",,,,,,,,,,,
ec21,ec21:D70.1,D70,D69-D73 Commercial/policy,advertising_promoted_listings,Are paid exposure products evidenced?,observed,"EC21 uses premium membership, advertising or promoted visibility as public supplier-side commercial features.",https://www.ec21.com/,direct-public-page,2026-08-24,Amsterdam/NL sandbox; guest mode,"guest; no account, RFQ, message, order or payment",medium,buyer/seller/platform as applicable,dimension-specific intent,"EC21 uses premium membership, advertising or promoted visibility as public supplier-side commercial features.",https://www.ec21.com/,Advertising Promoted Listings,advertising_promoted_listings.evaluated,public -> recorded,Authenticated and transaction edge cases not executed,No real document generated,No personal data submitted,Do not generalize evidence across the three sites or infer transaction protection,PM/UX/ENG/SUP/BUY plus specialist,Inference limited to EC21 evidence only,,,"Preserve site identity, confidence, state, regional scope and unknowns",,,,,,,,,,,
ec21,ec21:D71.1,D71,D69-D73 Commercial/policy,promotions_merchandising,Are promotions/editorial merchandising visible?,observed,"EC21 uses premium membership, advertising or promoted visibility as public supplier-side commercial features.",https://www.ec21.com/,direct-public-page,2026-08-24,Amsterdam/NL sandbox; guest mode,"guest; no account, RFQ, message, order or payment",medium,buyer/seller/platform as applicable,dimension-specific intent,"EC21 uses premium membership, advertising or promoted visibility as public supplier-side commercial features.",https://www.ec21.com/,Promotions Merchandising,promotions_merchandising.evaluated,public -> recorded,Authenticated and transaction edge cases not executed,No real document generated,No personal data submitted,Do not generalize evidence across the three sites or infer transaction protection,PM/UX/ENG/SUP/BUY plus specialist,Inference limited to EC21 evidence only,,,"Preserve site identity, confidence, state, regional scope and unknowns",,,,,,,,,,,
ec21,ec21:D72.1,D72,D69-D73 Commercial/policy,api_integrations,Are APIs or integrations evidenced?,observed-not-found,No sufficient public guest evidence was found for this EC21 dimension.,https://www.ec21.com/,direct-public-page,2026-08-24,Amsterdam/NL sandbox; guest mode,"guest; no account, RFQ, message, order or payment",medium,buyer/seller/platform as applicable,dimension-specific intent,No sufficient public guest evidence was found for this EC21 dimension.,https://www.ec21.com/,Api Integrations,api_integrations.evaluated,public -> observed-not-found,"The capability requires authentication, transaction evidence, policy detail, or a page not observed in this scope.",No real document generated,No personal data submitted,Do not generalize evidence across the three sites or infer transaction protection,PM/UX/ENG/SUP/BUY plus specialist,Inference limited to EC21 evidence only,"The capability requires authentication, transaction evidence, policy detail, or a page not observed in this scope.",Inspect current official EC21 help/policy or authorized account flow without real transaction.,"Preserve site identity, confidence, state, regional scope and unknowns",,,,,,,,,,,
ec21,ec21:D73.1,D73,D69-D73 Commercial/policy,data_content_policies,Which data/content policies apply?,observed,Public EC21 evidence supports this directory/lead/policy capability at a high level; transaction execution was not observed.,https://www.ec21.com/,direct-public-page,2026-08-24,Amsterdam/NL sandbox; guest mode,"guest; no account, RFQ, message, order or payment",medium,buyer/seller/platform as applicable,dimension-specific intent,Public EC21 evidence supports this directory/lead/policy capability at a high level; transaction execution was not observed.,https://www.ec21.com/,Data Content Policies,data_content_policies.evaluated,public -> recorded,Authenticated and transaction edge cases not executed,No real document generated,No personal data submitted,Do not generalize evidence across the three sites or infer transaction protection,PM/UX/ENG/SUP/BUY plus specialist,Inference limited to EC21 evidence only,,,"Preserve site identity, confidence, state, regional scope and unknowns",,,,,,,,,,,
exporthub,exporthub:D00.1,D00,D00 Positioning,positioning_audience_geography,"What is the platform position, audience, geography, category breadth and proposition?",observed,ExportHub publicly presents a B2B marketplace connecting buyers/importers with suppliers/exporters.,https://www.exporthub.com/,direct-public-page,2026-08-24,Amsterdam/NL sandbox; guest mode,"guest; no account, RFQ, message, order or payment",high,buyer/seller/platform as applicable,dimension-specific intent,ExportHub publicly presents a B2B marketplace connecting buyers/importers with suppliers/exporters.,https://www.exporthub.com/,Positioning Audience Geography,positioning_audience_geography.evaluated,public -> recorded,Authenticated and transaction edge cases not executed,No real document generated,No personal data submitted,Do not generalize evidence across the three sites or infer transaction protection,PM/UX/ENG/SUP/BUY plus specialist,Inference limited to ExportHub evidence only,,,"Preserve site identity, confidence, state, regional scope and unknowns",,,,,,,,,,,
exporthub,exporthub:D01.1,D01,D01-D10 Discovery,home_page,What does the guest homepage expose?,observed,Public ExportHub evidence supports this directory/lead/policy capability at a high level; transaction execution was not observed.,https://www.exporthub.com/,direct-public-page,2026-08-24,Amsterdam/NL sandbox; guest mode,"guest; no account, RFQ, message, order or payment",medium,buyer/seller/platform as applicable,dimension-specific intent,Public ExportHub evidence supports this directory/lead/policy capability at a high level; transaction execution was not observed.,https://www.exporthub.com/,Home Page,home_page.evaluated,public -> recorded,Authenticated and transaction edge cases not executed,No real document generated,No personal data submitted,Do not generalize evidence across the three sites or infer transaction protection,PM/UX/ENG/SUP/BUY plus specialist,Inference limited to ExportHub evidence only,,,"Preserve site identity, confidence, state, regional scope and unknowns",,,,,,,,,,,
exporthub,exporthub:D02.1,D02,D01-D10 Discovery,global_navigation,Are core destinations visible?,observed,Public ExportHub evidence supports this directory/lead/policy capability at a high level; transaction execution was not observed.,https://www.exporthub.com/,direct-public-page,2026-08-24,Amsterdam/NL sandbox; guest mode,"guest; no account, RFQ, message, order or payment",medium,buyer/seller/platform as applicable,dimension-specific intent,Public ExportHub evidence supports this directory/lead/policy capability at a high level; transaction execution was not observed.,https://www.exporthub.com/,Global Navigation,global_navigation.evaluated,public -> recorded,Authenticated and transaction edge cases not executed,No real document generated,No personal data submitted,Do not generalize evidence across the three sites or infer transaction protection,PM/UX/ENG/SUP/BUY plus specialist,Inference limited to ExportHub evidence only,,,"Preserve site identity, confidence, state, regional scope and unknowns",,,,,,,,,,,
exporthub,exporthub:D03.1,D03,D01-D10 Discovery,search_entry,What search scopes and input constraints are visible?,observed,ExportHub public pages expose category/search/product-or-supplier discovery cues; depth varies and no authenticated action was executed.,https://www.exporthub.com/,direct-public-page,2026-08-24,Amsterdam/NL sandbox; guest mode,"guest; no account, RFQ, message, order or payment",medium,buyer/seller/platform as applicable,dimension-specific intent,ExportHub public pages expose category/search/product-or-supplier discovery cues; depth varies and no authenticated action was executed.,https://www.exporthub.com/,Search Entry,search_entry.evaluated,public -> recorded,Authenticated and transaction edge cases not executed,No real document generated,No personal data submitted,Do not generalize evidence across the three sites or infer transaction protection,PM/UX/ENG/SUP/BUY plus specialist,Inference limited to ExportHub evidence only,,,"Preserve site identity, confidence, state, regional scope and unknowns",,,,,,,,,,,
exporthub,exporthub:D04.1,D04,D01-D10 Discovery,search_results,What result layout and count appear for a reproducible query?,observed,ExportHub public pages expose category/search/product-or-supplier discovery cues; depth varies and no authenticated action was executed.,https://www.exporthub.com/,direct-public-page,2026-08-24,Amsterdam/NL sandbox; guest mode,"guest; no account, RFQ, message, order or payment",medium,buyer/seller/platform as applicable,dimension-specific intent,ExportHub public pages expose category/search/product-or-supplier discovery cues; depth varies and no authenticated action was executed.,https://www.exporthub.com/,Search Results,search_results.evaluated,public -> recorded,Authenticated and transaction edge cases not executed,No real document generated,No personal data submitted,Do not generalize evidence across the three sites or infer transaction protection,PM/UX/ENG/SUP/BUY plus specialist,Inference limited to ExportHub evidence only,,,"Preserve site identity, confidence, state, regional scope and unknowns",,,,,,,,,,,
exporthub,exporthub:D05.1,D05,D01-D10 Discovery,category_taxonomy,Is a category hierarchy visible?,observed,ExportHub public pages expose category/search/product-or-supplier discovery cues; depth varies and no authenticated action was executed.,https://www.exporthub.com/,direct-public-page,2026-08-24,Amsterdam/NL sandbox; guest mode,"guest; no account, RFQ, message, order or payment",medium,buyer/seller/platform as applicable,dimension-specific intent,ExportHub public pages expose category/search/product-or-supplier discovery cues; depth varies and no authenticated action was executed.,https://www.exporthub.com/,Category Taxonomy,category_taxonomy.evaluated,public -> recorded,Authenticated and transaction edge cases not executed,No real document generated,No personal data submitted,Do not generalize evidence across the three sites or infer transaction protection,PM/UX/ENG/SUP/BUY plus specialist,Inference limited to ExportHub evidence only,,,"Preserve site identity, confidence, state, regional scope and unknowns",,,,,,,,,,,
exporthub,exporthub:D06.1,D06,D01-D10 Discovery,filters,Are filters evidenced?,observed,ExportHub public pages expose category/search/product-or-supplier discovery cues; depth varies and no authenticated action was executed.,https://www.exporthub.com/,direct-public-page,2026-08-24,Amsterdam/NL sandbox; guest mode,"guest; no account, RFQ, message, order or payment",medium,buyer/seller/platform as applicable,dimension-specific intent,ExportHub public pages expose category/search/product-or-supplier discovery cues; depth varies and no authenticated action was executed.,https://www.exporthub.com/,Filters,filters.evaluated,public -> recorded,Authenticated and transaction edge cases not executed,No real document generated,No personal data submitted,Do not generalize evidence across the three sites or infer transaction protection,PM/UX/ENG/SUP/BUY plus specialist,Inference limited to ExportHub evidence only,,,"Preserve site identity, confidence, state, regional scope and unknowns",,,,,,,,,,,
exporthub,exporthub:D07.1,D07,D01-D10 Discovery,sorting,Which sort controls and defaults exist?,observed,ExportHub public pages expose category/search/product-or-supplier discovery cues; depth varies and no authenticated action was executed.,https://www.exporthub.com/,direct-public-page,2026-08-24,Amsterdam/NL sandbox; guest mode,"guest; no account, RFQ, message, order or payment",medium,buyer/seller/platform as applicable,dimension-specific intent,ExportHub public pages expose category/search/product-or-supplier discovery cues; depth varies and no authenticated action was executed.,https://www.exporthub.com/,Sorting,sorting.evaluated,public -> recorded,Authenticated and transaction edge cases not executed,No real document generated,No personal data submitted,Do not generalize evidence across the three sites or infer transaction protection,PM/UX/ENG/SUP/BUY plus specialist,Inference limited to ExportHub evidence only,,,"Preserve site identity, confidence, state, regional scope and unknowns",,,,,,,,,,,
exporthub,exporthub:D08.1,D08,D01-D10 Discovery,listing_card,What appears on a guest product card?,observed,ExportHub public pages expose category/search/product-or-supplier discovery cues; depth varies and no authenticated action was executed.,https://www.exporthub.com/,direct-public-page,2026-08-24,Amsterdam/NL sandbox; guest mode,"guest; no account, RFQ, message, order or payment",medium,buyer/seller/platform as applicable,dimension-specific intent,ExportHub public pages expose category/search/product-or-supplier discovery cues; depth varies and no authenticated action was executed.,https://www.exporthub.com/,Listing Card,listing_card.evaluated,public -> recorded,Authenticated and transaction edge cases not executed,No real document generated,No personal data submitted,Do not generalize evidence across the three sites or infer transaction protection,PM/UX/ENG/SUP/BUY plus specialist,Inference limited to ExportHub evidence only,,,"Preserve site identity, confidence, state, regional scope and unknowns",,,,,,,,,,,
exporthub,exporthub:D09.1,D09,D01-D10 Discovery,product_detail,Which product fields/actions appear?,observed,ExportHub public pages expose category/search/product-or-supplier discovery cues; depth varies and no authenticated action was executed.,https://www.exporthub.com/,direct-public-page,2026-08-24,Amsterdam/NL sandbox; guest mode,"guest; no account, RFQ, message, order or payment",medium,buyer/seller/platform as applicable,dimension-specific intent,ExportHub public pages expose category/search/product-or-supplier discovery cues; depth varies and no authenticated action was executed.,https://www.exporthub.com/,Product Detail,product_detail.evaluated,public -> recorded,Authenticated and transaction edge cases not executed,No real document generated,No personal data submitted,Do not generalize evidence across the three sites or infer transaction protection,PM/UX/ENG/SUP/BUY plus specialist,Inference limited to ExportHub evidence only,,,"Preserve site identity, confidence, state, regional scope and unknowns",,,,,,,,,,,
exporthub,exporthub:D10.1,D10,D01-D10 Discovery,supplier_detail,Which supplier fields/actions appear?,observed,ExportHub public pages expose category/search/product-or-supplier discovery cues; depth varies and no authenticated action was executed.,https://www.exporthub.com/,direct-public-page,2026-08-24,Amsterdam/NL sandbox; guest mode,"guest; no account, RFQ, message, order or payment",medium,buyer/seller/platform as applicable,dimension-specific intent,ExportHub public pages expose category/search/product-or-supplier discovery cues; depth varies and no authenticated action was executed.,https://www.exporthub.com/,Supplier Detail,supplier_detail.evaluated,public -> recorded,Authenticated and transaction edge cases not executed,No real document generated,No personal data submitted,Do not generalize evidence across the three sites or infer transaction protection,PM/UX/ENG/SUP/BUY plus specialist,Inference limited to ExportHub evidence only,,,"Preserve site identity, confidence, state, regional scope and unknowns",,,,,,,,,,,
exporthub,exporthub:D11.1,D11,D11-D20 Identity,registration_entry,Is registration entry visible?,observed,ExportHub exposes signup/login and buyer/supplier roles; exact verification fields were not submitted.,https://www.exporthub.com/,direct-public-page,2026-08-24,Amsterdam/NL sandbox; guest mode,"guest; no account, RFQ, message, order or payment",medium,buyer/seller/platform as applicable,dimension-specific intent,ExportHub exposes signup/login and buyer/supplier roles; exact verification fields were not submitted.,https://www.exporthub.com/,Registration Entry,registration_entry.evaluated,public -> recorded,Authenticated and transaction edge cases not executed,No real document generated,No personal data submitted,Do not generalize evidence across the three sites or infer transaction protection,PM/UX/ENG/SUP/BUY plus specialist,Inference limited to ExportHub evidence only,,,"Preserve site identity, confidence, state, regional scope and unknowns",,,,,,,,,,,
exporthub,exporthub:D12.1,D12,D11-D20 Identity,buyer_registration,What buyer registration inputs are documented?,observed,ExportHub exposes signup/login and buyer/supplier roles; exact verification fields were not submitted.,https://www.exporthub.com/,direct-public-page,2026-08-24,Amsterdam/NL sandbox; guest mode,"guest; no account, RFQ, message, order or payment",medium,buyer/seller/platform as applicable,dimension-specific intent,ExportHub exposes signup/login and buyer/supplier roles; exact verification fields were not submitted.,https://www.exporthub.com/,Buyer Registration,buyer_registration.evaluated,public -> recorded,Authenticated and transaction edge cases not executed,No real document generated,No personal data submitted,Do not generalize evidence across the three sites or infer transaction protection,PM/UX/ENG/SUP/BUY plus specialist,Inference limited to ExportHub evidence only,,,"Preserve site identity, confidence, state, regional scope and unknowns",,,,,,,,,,,
exporthub,exporthub:D13.1,D13,D11-D20 Identity,supplier_enrollment,What supplier enrollment path is public?,observed,ExportHub exposes signup/login and buyer/supplier roles; exact verification fields were not submitted.,https://www.exporthub.com/,direct-public-page,2026-08-24,Amsterdam/NL sandbox; guest mode,"guest; no account, RFQ, message, order or payment",medium,buyer/seller/platform as applicable,dimension-specific intent,ExportHub exposes signup/login and buyer/supplier roles; exact verification fields were not submitted.,https://www.exporthub.com/,Supplier Enrollment,supplier_enrollment.evaluated,public -> recorded,Authenticated and transaction edge cases not executed,No real document generated,No personal data submitted,Do not generalize evidence across the three sites or infer transaction protection,PM/UX/ENG/SUP/BUY plus specialist,Inference limited to ExportHub evidence only,,,"Preserve site identity, confidence, state, regional scope and unknowns",,,,,,,,,,,
exporthub,exporthub:D14.1,D14,D11-D20 Identity,login,Which login mechanisms are documented?,observed,ExportHub exposes signup/login and buyer/supplier roles; exact verification fields were not submitted.,https://www.exporthub.com/,direct-public-page,2026-08-24,Amsterdam/NL sandbox; guest mode,"guest; no account, RFQ, message, order or payment",medium,buyer/seller/platform as applicable,dimension-specific intent,ExportHub exposes signup/login and buyer/supplier roles; exact verification fields were not submitted.,https://www.exporthub.com/,Login,login.evaluated,public -> recorded,Authenticated and transaction edge cases not executed,No real document generated,No personal data submitted,Do not generalize evidence across the three sites or infer transaction protection,PM/UX/ENG/SUP/BUY plus specialist,Inference limited to ExportHub evidence only,,,"Preserve site identity, confidence, state, regional scope and unknowns",,,,,,,,,,,
exporthub,exporthub:D15.1,D15,D11-D20 Identity,role_selection,Is an explicit buyer/seller role-selection screen shown?,observed,ExportHub exposes signup/login and buyer/supplier roles; exact verification fields were not submitted.,https://www.exporthub.com/,direct-public-page,2026-08-24,Amsterdam/NL sandbox; guest mode,"guest; no account, RFQ, message, order or payment",medium,buyer/seller/platform as applicable,dimension-specific intent,ExportHub exposes signup/login and buyer/supplier roles; exact verification fields were not submitted.,https://www.exporthub.com/,Role Selection,role_selection.evaluated,public -> recorded,Authenticated and transaction edge cases not executed,No real document generated,No personal data submitted,Do not generalize evidence across the three sites or infer transaction protection,PM/UX/ENG/SUP/BUY plus specialist,Inference limited to ExportHub evidence only,,,"Preserve site identity, confidence, state, regional scope and unknowns",,,,,,,,,,,
exporthub,exporthub:D16.1,D16,D11-D20 Identity,email_verification,How is email verified?,observed-not-found,No sufficient public guest evidence was found for this ExportHub dimension.,https://www.exporthub.com/,direct-public-page,2026-08-24,Amsterdam/NL sandbox; guest mode,"guest; no account, RFQ, message, order or payment",medium,buyer/seller/platform as applicable,dimension-specific intent,No sufficient public guest evidence was found for this ExportHub dimension.,https://www.exporthub.com/,Email Verification,email_verification.evaluated,public -> observed-not-found,"The capability requires authentication, transaction evidence, policy detail, or a page not observed in this scope.",No real document generated,No personal data submitted,Do not generalize evidence across the three sites or infer transaction protection,PM/UX/ENG/SUP/BUY plus specialist,Inference limited to ExportHub evidence only,"The capability requires authentication, transaction evidence, policy detail, or a page not observed in this scope.",Inspect current official ExportHub help/policy or authorized account flow without real transaction.,"Preserve site identity, confidence, state, regional scope and unknowns",,,,,,,,,,,
exporthub,exporthub:D17.1,D17,D11-D20 Identity,mobile_verification,How is mobile verified?,observed-not-found,No sufficient public guest evidence was found for this ExportHub dimension.,https://www.exporthub.com/,direct-public-page,2026-08-24,Amsterdam/NL sandbox; guest mode,"guest; no account, RFQ, message, order or payment",medium,buyer/seller/platform as applicable,dimension-specific intent,No sufficient public guest evidence was found for this ExportHub dimension.,https://www.exporthub.com/,Mobile Verification,mobile_verification.evaluated,public -> observed-not-found,"The capability requires authentication, transaction evidence, policy detail, or a page not observed in this scope.",No real document generated,No personal data submitted,Do not generalize evidence across the three sites or infer transaction protection,PM/UX/ENG/SUP/BUY plus specialist,Inference limited to ExportHub evidence only,"The capability requires authentication, transaction evidence, policy detail, or a page not observed in this scope.",Inspect current official ExportHub help/policy or authorized account flow without real transaction.,"Preserve site identity, confidence, state, regional scope and unknowns",,,,,,,,,,,
exporthub,exporthub:D18.1,D18,D11-D20 Identity,company_onboarding,Is company information collected?,observed-not-found,No sufficient public guest evidence was found for this ExportHub dimension.,https://www.exporthub.com/,direct-public-page,2026-08-24,Amsterdam/NL sandbox; guest mode,"guest; no account, RFQ, message, order or payment",medium,buyer/seller/platform as applicable,dimension-specific intent,No sufficient public guest evidence was found for this ExportHub dimension.,https://www.exporthub.com/,Company Onboarding,company_onboarding.evaluated,public -> observed-not-found,"The capability requires authentication, transaction evidence, policy detail, or a page not observed in this scope.",No real document generated,No personal data submitted,Do not generalize evidence across the three sites or infer transaction protection,PM/UX/ENG/SUP/BUY plus specialist,Inference limited to ExportHub evidence only,"The capability requires authentication, transaction evidence, policy detail, or a page not observed in this scope.",Inspect current official ExportHub help/policy or authorized account flow without real transaction.,"Preserve site identity, confidence, state, regional scope and unknowns",,,,,,,,,,,
exporthub,exporthub:D19.1,D19,D11-D20 Identity,kyc_kyb_documents,Which exact KYB documents are mandatory at registration?,observed-not-found,No sufficient public guest evidence was found for this ExportHub dimension.,https://www.exporthub.com/,direct-public-page,2026-08-24,Amsterdam/NL sandbox; guest mode,"guest; no account, RFQ, message, order or payment",medium,buyer/seller/platform as applicable,dimension-specific intent,No sufficient public guest evidence was found for this ExportHub dimension.,https://www.exporthub.com/,Kyc Kyb Documents,kyc_kyb_documents.evaluated,public -> observed-not-found,"The capability requires authentication, transaction evidence, policy detail, or a page not observed in this scope.",No real document generated,No personal data submitted,Do not generalize evidence across the three sites or infer transaction protection,PM/UX/ENG/SUP/BUY plus specialist,Inference limited to ExportHub evidence only,"The capability requires authentication, transaction evidence, policy detail, or a page not observed in this scope.",Inspect current official ExportHub help/policy or authorized account flow without real transaction.,"Preserve site identity, confidence, state, regional scope and unknowns",,,,,,,,,,,
exporthub,exporthub:D20.1,D20,D11-D20 Identity,password_recovery,What recovery path is documented?,observed-not-found,No sufficient public guest evidence was found for this ExportHub dimension.,https://www.exporthub.com/,direct-public-page,2026-08-24,Amsterdam/NL sandbox; guest mode,"guest; no account, RFQ, message, order or payment",medium,buyer/seller/platform as applicable,dimension-specific intent,No sufficient public guest evidence was found for this ExportHub dimension.,https://www.exporthub.com/,Password Recovery,password_recovery.evaluated,public -> observed-not-found,"The capability requires authentication, transaction evidence, policy detail, or a page not observed in this scope.",No real document generated,No personal data submitted,Do not generalize evidence across the three sites or infer transaction protection,PM/UX/ENG/SUP/BUY plus specialist,Inference limited to ExportHub evidence only,"The capability requires authentication, transaction evidence, policy detail, or a page not observed in this scope.",Inspect current official ExportHub help/policy or authorized account flow without real transaction.,"Preserve site identity, confidence, state, regional scope and unknowns",,,,,,,,,,,
exporthub,exporthub:D21.1,D21,D21-D30 Supplier tools,dashboard,Is a supplier dashboard evidenced?,observed,ExportHub documents supplier membership/profile/catalog or lead tools on public pages; dashboard execution was not accessed.,https://www.exporthub.com/,direct-public-page,2026-08-24,Amsterdam/NL sandbox; guest mode,"guest; no account, RFQ, message, order or payment",medium,buyer/seller/platform as applicable,dimension-specific intent,ExportHub documents supplier membership/profile/catalog or lead tools on public pages; dashboard execution was not accessed.,https://www.exporthub.com/,Dashboard,dashboard.evaluated,public -> recorded,Authenticated and transaction edge cases not executed,No real document generated,No personal data submitted,Do not generalize evidence across the three sites or infer transaction protection,PM/UX/ENG/SUP/BUY plus specialist,Inference limited to ExportHub evidence only,,,"Preserve site identity, confidence, state, regional scope and unknowns",,,,,,,,,,,
exporthub,exporthub:D22.1,D22,D21-D30 Supplier tools,company_profile,Can suppliers maintain a profile?,observed,ExportHub documents supplier membership/profile/catalog or lead tools on public pages; dashboard execution was not accessed.,https://www.exporthub.com/,direct-public-page,2026-08-24,Amsterdam/NL sandbox; guest mode,"guest; no account, RFQ, message, order or payment",medium,buyer/seller/platform as applicable,dimension-specific intent,ExportHub documents supplier membership/profile/catalog or lead tools on public pages; dashboard execution was not accessed.,https://www.exporthub.com/,Company Profile,company_profile.evaluated,public -> recorded,Authenticated and transaction edge cases not executed,No real document generated,No personal data submitted,Do not generalize evidence across the three sites or infer transaction protection,PM/UX/ENG/SUP/BUY plus specialist,Inference limited to ExportHub evidence only,,,"Preserve site identity, confidence, state, regional scope and unknowns",,,,,,,,,,,
exporthub,exporthub:D23.1,D23,D21-D30 Supplier tools,catalog_management,Is catalog/showroom management evidenced?,observed,ExportHub documents supplier membership/profile/catalog or lead tools on public pages; dashboard execution was not accessed.,https://www.exporthub.com/,direct-public-page,2026-08-24,Amsterdam/NL sandbox; guest mode,"guest; no account, RFQ, message, order or payment",medium,buyer/seller/platform as applicable,dimension-specific intent,ExportHub documents supplier membership/profile/catalog or lead tools on public pages; dashboard execution was not accessed.,https://www.exporthub.com/,Catalog Management,catalog_management.evaluated,public -> recorded,Authenticated and transaction edge cases not executed,No real document generated,No personal data submitted,Do not generalize evidence across the three sites or infer transaction protection,PM/UX/ENG/SUP/BUY plus specialist,Inference limited to ExportHub evidence only,,,"Preserve site identity, confidence, state, regional scope and unknowns",,,,,,,,,,,
exporthub,exporthub:D24.1,D24,D21-D30 Supplier tools,product_creation,Is product creation evidenced?,observed,ExportHub documents supplier membership/profile/catalog or lead tools on public pages; dashboard execution was not accessed.,https://www.exporthub.com/,direct-public-page,2026-08-24,Amsterdam/NL sandbox; guest mode,"guest; no account, RFQ, message, order or payment",medium,buyer/seller/platform as applicable,dimension-specific intent,ExportHub documents supplier membership/profile/catalog or lead tools on public pages; dashboard execution was not accessed.,https://www.exporthub.com/,Product Creation,product_creation.evaluated,public -> recorded,Authenticated and transaction edge cases not executed,No real document generated,No personal data submitted,Do not generalize evidence across the three sites or infer transaction protection,PM/UX/ENG/SUP/BUY plus specialist,Inference limited to ExportHub evidence only,,,"Preserve site identity, confidence, state, regional scope and unknowns",,,,,,,,,,,
exporthub,exporthub:D25.1,D25,D21-D30 Supplier tools,product_specifications,Are structured specifications displayed?,observed,ExportHub documents supplier membership/profile/catalog or lead tools on public pages; dashboard execution was not accessed.,https://www.exporthub.com/,direct-public-page,2026-08-24,Amsterdam/NL sandbox; guest mode,"guest; no account, RFQ, message, order or payment",medium,buyer/seller/platform as applicable,dimension-specific intent,ExportHub documents supplier membership/profile/catalog or lead tools on public pages; dashboard execution was not accessed.,https://www.exporthub.com/,Product Specifications,product_specifications.evaluated,public -> recorded,Authenticated and transaction edge cases not executed,No real document generated,No personal data submitted,Do not generalize evidence across the three sites or infer transaction protection,PM/UX/ENG/SUP/BUY plus specialist,Inference limited to ExportHub evidence only,,,"Preserve site identity, confidence, state, regional scope and unknowns",,,,,,,,,,,
exporthub,exporthub:D26.1,D26,D21-D30 Supplier tools,price_moq,Are price and MOQ visible?,observed,ExportHub documents supplier membership/profile/catalog or lead tools on public pages; dashboard execution was not accessed.,https://www.exporthub.com/,direct-public-page,2026-08-24,Amsterdam/NL sandbox; guest mode,"guest; no account, RFQ, message, order or payment",medium,buyer/seller/platform as applicable,dimension-specific intent,ExportHub documents supplier membership/profile/catalog or lead tools on public pages; dashboard execution was not accessed.,https://www.exporthub.com/,Price Moq,price_moq.evaluated,public -> recorded,Authenticated and transaction edge cases not executed,No real document generated,No personal data submitted,Do not generalize evidence across the three sites or infer transaction protection,PM/UX/ENG/SUP/BUY plus specialist,Inference limited to ExportHub evidence only,,,"Preserve site identity, confidence, state, regional scope and unknowns",,,,,,,,,,,
exporthub,exporthub:D27.1,D27,D21-D30 Supplier tools,capacity_lead_time,Are capacity and lead time visible?,observed,ExportHub documents supplier membership/profile/catalog or lead tools on public pages; dashboard execution was not accessed.,https://www.exporthub.com/,direct-public-page,2026-08-24,Amsterdam/NL sandbox; guest mode,"guest; no account, RFQ, message, order or payment",medium,buyer/seller/platform as applicable,dimension-specific intent,ExportHub documents supplier membership/profile/catalog or lead tools on public pages; dashboard execution was not accessed.,https://www.exporthub.com/,Capacity Lead Time,capacity_lead_time.evaluated,public -> recorded,Authenticated and transaction edge cases not executed,No real document generated,No personal data submitted,Do not generalize evidence across the three sites or infer transaction protection,PM/UX/ENG/SUP/BUY plus specialist,Inference limited to ExportHub evidence only,,,"Preserve site identity, confidence, state, regional scope and unknowns",,,,,,,,,,,
exporthub,exporthub:D28.1,D28,D21-D30 Supplier tools,rfq_creation,Can a buyer submit an RFQ?,observed,ExportHub exposes buying leads/RFQ and supplier quotation/contact paths; premium gating is visible where stated.,https://www.exporthub.com/faqs.html,direct-public-page,2026-08-24,Amsterdam/NL sandbox; guest mode,"guest; no account, RFQ, message, order or payment",high,buyer/seller/platform as applicable,dimension-specific intent,ExportHub exposes buying leads/RFQ and supplier quotation/contact paths; premium gating is visible where stated.,https://www.exporthub.com/faqs.html,Rfq Creation,rfq_creation.evaluated,public -> recorded,Authenticated and transaction edge cases not executed,No real document generated,No personal data submitted,Do not generalize evidence across the three sites or infer transaction protection,PM/UX/ENG/SUP/BUY plus specialist,Inference limited to ExportHub evidence only,,,"Preserve site identity, confidence, state, regional scope and unknowns",,,,,,,,,,,
exporthub,exporthub:D29.1,D29,D21-D30 Supplier tools,rfq_response,Can suppliers view/respond to RFQs?,observed,ExportHub exposes buying leads/RFQ and supplier quotation/contact paths; premium gating is visible where stated.,https://www.exporthub.com/faqs.html,direct-public-page,2026-08-24,Amsterdam/NL sandbox; guest mode,"guest; no account, RFQ, message, order or payment",high,buyer/seller/platform as applicable,dimension-specific intent,ExportHub exposes buying leads/RFQ and supplier quotation/contact paths; premium gating is visible where stated.,https://www.exporthub.com/faqs.html,Rfq Response,rfq_response.evaluated,public -> recorded,Authenticated and transaction edge cases not executed,No real document generated,No personal data submitted,Do not generalize evidence across the three sites or infer transaction protection,PM/UX/ENG/SUP/BUY plus specialist,Inference limited to ExportHub evidence only,,,"Preserve site identity, confidence, state, regional scope and unknowns",,,,,,,,,,,
exporthub,exporthub:D30.1,D30,D21-D30 Supplier tools,messaging,Is messaging/file exchange evidenced?,observed,ExportHub exposes buying leads/RFQ and supplier quotation/contact paths; premium gating is visible where stated.,https://www.exporthub.com/faqs.html,direct-public-page,2026-08-24,Amsterdam/NL sandbox; guest mode,"guest; no account, RFQ, message, order or payment",high,buyer/seller/platform as applicable,dimension-specific intent,ExportHub exposes buying leads/RFQ and supplier quotation/contact paths; premium gating is visible where stated.,https://www.exporthub.com/faqs.html,Messaging,messaging.evaluated,public -> recorded,Authenticated and transaction edge cases not executed,No real document generated,No personal data submitted,Do not generalize evidence across the three sites or infer transaction protection,PM/UX/ENG/SUP/BUY plus specialist,Inference limited to ExportHub evidence only,,,"Preserve site identity, confidence, state, regional scope and unknowns",,,,,,,,,,,
exporthub,exporthub:D31.1,D31,D31-D40 Transaction,quotation,Is quotation workflow evidenced?,observed,ExportHub exposes buying leads/RFQ and supplier quotation/contact paths; premium gating is visible where stated.,https://www.exporthub.com/faqs.html,direct-public-page,2026-08-24,Amsterdam/NL sandbox; guest mode,"guest; no account, RFQ, message, order or payment",high,buyer/seller/platform as applicable,dimension-specific intent,ExportHub exposes buying leads/RFQ and supplier quotation/contact paths; premium gating is visible where stated.,https://www.exporthub.com/faqs.html,Quotation,quotation.evaluated,public -> recorded,Authenticated and transaction edge cases not executed,No real document generated,No personal data submitted,Do not generalize evidence across the three sites or infer transaction protection,PM/UX/ENG/SUP/BUY plus specialist,Inference limited to ExportHub evidence only,,,"Preserve site identity, confidence, state, regional scope and unknowns",,,,,,,,,,,
exporthub,exporthub:D32.1,D32,D31-D40 Transaction,sample_workflow,Is a platform-managed sample workflow visible?,observed-not-found,No sufficient public guest evidence was found for this ExportHub dimension.,https://www.exporthub.com/,direct-public-page,2026-08-24,Amsterdam/NL sandbox; guest mode,"guest; no account, RFQ, message, order or payment",medium,buyer/seller/platform as applicable,dimension-specific intent,No sufficient public guest evidence was found for this ExportHub dimension.,https://www.exporthub.com/,Sample Workflow,sample_workflow.evaluated,public -> observed-not-found,"The capability requires authentication, transaction evidence, policy detail, or a page not observed in this scope.",No real document generated,No personal data submitted,Do not generalize evidence across the three sites or infer transaction protection,PM/UX/ENG/SUP/BUY plus specialist,Inference limited to ExportHub evidence only,"The capability requires authentication, transaction evidence, policy detail, or a page not observed in this scope.",Inspect current official ExportHub help/policy or authorized account flow without real transaction.,"Preserve site identity, confidence, state, regional scope and unknowns",,,,,,,,,,,
exporthub,exporthub:D33.1,D33,D31-D40 Transaction,negotiation,Is negotiation supported?,observed-not-found,No sufficient public guest evidence was found for this ExportHub dimension.,https://www.exporthub.com/,direct-public-page,2026-08-24,Amsterdam/NL sandbox; guest mode,"guest; no account, RFQ, message, order or payment",medium,buyer/seller/platform as applicable,dimension-specific intent,No sufficient public guest evidence was found for this ExportHub dimension.,https://www.exporthub.com/,Negotiation,negotiation.evaluated,public -> observed-not-found,"The capability requires authentication, transaction evidence, policy detail, or a page not observed in this scope.",No real document generated,No personal data submitted,Do not generalize evidence across the three sites or infer transaction protection,PM/UX/ENG/SUP/BUY plus specialist,Inference limited to ExportHub evidence only,"The capability requires authentication, transaction evidence, policy detail, or a page not observed in this scope.",Inspect current official ExportHub help/policy or authorized account flow without real transaction.,"Preserve site identity, confidence, state, regional scope and unknowns",,,,,,,,,,,
exporthub,exporthub:D34.1,D34,D31-D40 Transaction,order_creation,Is an order flow documented?,observed-not-found,No sufficient public guest evidence was found for this ExportHub dimension.,https://www.exporthub.com/,direct-public-page,2026-08-24,Amsterdam/NL sandbox; guest mode,"guest; no account, RFQ, message, order or payment",medium,buyer/seller/platform as applicable,dimension-specific intent,No sufficient public guest evidence was found for this ExportHub dimension.,https://www.exporthub.com/,Order Creation,order_creation.evaluated,public -> observed-not-found,"The capability requires authentication, transaction evidence, policy detail, or a page not observed in this scope.",No real document generated,No personal data submitted,Do not generalize evidence across the three sites or infer transaction protection,PM/UX/ENG/SUP/BUY plus specialist,Inference limited to ExportHub evidence only,"The capability requires authentication, transaction evidence, policy detail, or a page not observed in this scope.",Inspect current official ExportHub help/policy or authorized account flow without real transaction.,"Preserve site identity, confidence, state, regional scope and unknowns",,,,,,,,,,,
exporthub,exporthub:D35.1,D35,D31-D40 Transaction,po_pi_documents,Are platform-generated PO or pro-forma invoice documents evidenced?,observed-not-found,No sufficient public guest evidence was found for this ExportHub dimension.,https://www.exporthub.com/,direct-public-page,2026-08-24,Amsterdam/NL sandbox; guest mode,"guest; no account, RFQ, message, order or payment",medium,buyer/seller/platform as applicable,dimension-specific intent,No sufficient public guest evidence was found for this ExportHub dimension.,https://www.exporthub.com/,Po Pi Documents,po_pi_documents.evaluated,public -> observed-not-found,"The capability requires authentication, transaction evidence, policy detail, or a page not observed in this scope.",No real document generated,No personal data submitted,Do not generalize evidence across the three sites or infer transaction protection,PM/UX/ENG/SUP/BUY plus specialist,Inference limited to ExportHub evidence only,"The capability requires authentication, transaction evidence, policy detail, or a page not observed in this scope.",Inspect current official ExportHub help/policy or authorized account flow without real transaction.,"Preserve site identity, confidence, state, regional scope and unknowns",,,,,,,,,,,
exporthub,exporthub:D36.1,D36,D31-D40 Transaction,checkout,What checkout steps are documented?,observed-not-found,No sufficient public guest evidence was found for this ExportHub dimension.,https://www.exporthub.com/,direct-public-page,2026-08-24,Amsterdam/NL sandbox; guest mode,"guest; no account, RFQ, message, order or payment",medium,buyer/seller/platform as applicable,dimension-specific intent,No sufficient public guest evidence was found for this ExportHub dimension.,https://www.exporthub.com/,Checkout,checkout.evaluated,public -> observed-not-found,"The capability requires authentication, transaction evidence, policy detail, or a page not observed in this scope.",No real document generated,No personal data submitted,Do not generalize evidence across the three sites or infer transaction protection,PM/UX/ENG/SUP/BUY plus specialist,Inference limited to ExportHub evidence only,"The capability requires authentication, transaction evidence, policy detail, or a page not observed in this scope.",Inspect current official ExportHub help/policy or authorized account flow without real transaction.,"Preserve site identity, confidence, state, regional scope and unknowns",,,,,,,,,,,
exporthub,exporthub:D37.1,D37,D31-D40 Transaction,payment_methods,Which payment methods are stated?,observed-not-found,No sufficient public guest evidence was found for this ExportHub dimension.,https://www.exporthub.com/,direct-public-page,2026-08-24,Amsterdam/NL sandbox; guest mode,"guest; no account, RFQ, message, order or payment",medium,buyer/seller/platform as applicable,dimension-specific intent,No sufficient public guest evidence was found for this ExportHub dimension.,https://www.exporthub.com/,Payment Methods,payment_methods.evaluated,public -> observed-not-found,"The capability requires authentication, transaction evidence, policy detail, or a page not observed in this scope.",No real document generated,No personal data submitted,Do not generalize evidence across the three sites or infer transaction protection,PM/UX/ENG/SUP/BUY plus specialist,Inference limited to ExportHub evidence only,"The capability requires authentication, transaction evidence, policy detail, or a page not observed in this scope.",Inspect current official ExportHub help/policy or authorized account flow without real transaction.,"Preserve site identity, confidence, state, regional scope and unknowns",,,,,,,,,,,
exporthub,exporthub:D38.1,D38,D31-D40 Transaction,escrow_buyer_protection,Is escrow or platform-held funds evidenced?,observed-not-found,No sufficient public guest evidence was found for this ExportHub dimension.,https://www.exporthub.com/,direct-public-page,2026-08-24,Amsterdam/NL sandbox; guest mode,"guest; no account, RFQ, message, order or payment",medium,buyer/seller/platform as applicable,dimension-specific intent,No sufficient public guest evidence was found for this ExportHub dimension.,https://www.exporthub.com/,Escrow Buyer Protection,escrow_buyer_protection.evaluated,public -> observed-not-found,"The capability requires authentication, transaction evidence, policy detail, or a page not observed in this scope.",No real document generated,No personal data submitted,Do not generalize evidence across the three sites or infer transaction protection,PM/UX/ENG/SUP/BUY plus specialist,Inference limited to ExportHub evidence only,"The capability requires authentication, transaction evidence, policy detail, or a page not observed in this scope.",Inspect current official ExportHub help/policy or authorized account flow without real transaction.,"Preserve site identity, confidence, state, regional scope and unknowns",,,,,,,,,,,
exporthub,exporthub:D39.1,D39,D31-D40 Transaction,notifications,Are notification surfaces visible?,observed-not-found,No sufficient public guest evidence was found for this ExportHub dimension.,https://www.exporthub.com/,direct-public-page,2026-08-24,Amsterdam/NL sandbox; guest mode,"guest; no account, RFQ, message, order or payment",medium,buyer/seller/platform as applicable,dimension-specific intent,No sufficient public guest evidence was found for this ExportHub dimension.,https://www.exporthub.com/,Notifications,notifications.evaluated,public -> observed-not-found,"The capability requires authentication, transaction evidence, policy detail, or a page not observed in this scope.",No real document generated,No personal data submitted,Do not generalize evidence across the three sites or infer transaction protection,PM/UX/ENG/SUP/BUY plus specialist,Inference limited to ExportHub evidence only,"The capability requires authentication, transaction evidence, policy detail, or a page not observed in this scope.",Inspect current official ExportHub help/policy or authorized account flow without real transaction.,"Preserve site identity, confidence, state, regional scope and unknowns",,,,,,,,,,,
exporthub,exporthub:D40.1,D40,D31-D40 Transaction,order_status,Which order states are documented?,observed-not-found,No sufficient public guest evidence was found for this ExportHub dimension.,https://www.exporthub.com/,direct-public-page,2026-08-24,Amsterdam/NL sandbox; guest mode,"guest; no account, RFQ, message, order or payment",medium,buyer/seller/platform as applicable,dimension-specific intent,No sufficient public guest evidence was found for this ExportHub dimension.,https://www.exporthub.com/,Order Status,order_status.evaluated,public -> observed-not-found,"The capability requires authentication, transaction evidence, policy detail, or a page not observed in this scope.",No real document generated,No personal data submitted,Do not generalize evidence across the three sites or infer transaction protection,PM/UX/ENG/SUP/BUY plus specialist,Inference limited to ExportHub evidence only,"The capability requires authentication, transaction evidence, policy detail, or a page not observed in this scope.",Inspect current official ExportHub help/policy or authorized account flow without real transaction.,"Preserve site identity, confidence, state, regional scope and unknowns",,,,,,,,,,,
exporthub,exporthub:D41.1,D41,D41-D50 Fulfillment,shipping_quote,How is shipping price handled?,observed-not-found,No sufficient public guest evidence was found for this ExportHub dimension.,https://www.exporthub.com/,direct-public-page,2026-08-24,Amsterdam/NL sandbox; guest mode,"guest; no account, RFQ, message, order or payment",medium,buyer/seller/platform as applicable,dimension-specific intent,No sufficient public guest evidence was found for this ExportHub dimension.,https://www.exporthub.com/,Shipping Quote,shipping_quote.evaluated,public -> observed-not-found,"The capability requires authentication, transaction evidence, policy detail, or a page not observed in this scope.",No real document generated,No personal data submitted,Do not generalize evidence across the three sites or infer transaction protection,PM/UX/ENG/SUP/BUY plus specialist,Inference limited to ExportHub evidence only,"The capability requires authentication, transaction evidence, policy detail, or a page not observed in this scope.",Inspect current official ExportHub help/policy or authorized account flow without real transaction.,"Preserve site identity, confidence, state, regional scope and unknowns",,,,,,,,,,,
exporthub,exporthub:D42.1,D42,D41-D50 Fulfillment,carrier_freight,Are logistics integrations/settings evidenced?,observed-not-found,No sufficient public guest evidence was found for this ExportHub dimension.,https://www.exporthub.com/,direct-public-page,2026-08-24,Amsterdam/NL sandbox; guest mode,"guest; no account, RFQ, message, order or payment",medium,buyer/seller/platform as applicable,dimension-specific intent,No sufficient public guest evidence was found for this ExportHub dimension.,https://www.exporthub.com/,Carrier Freight,carrier_freight.evaluated,public -> observed-not-found,"The capability requires authentication, transaction evidence, policy detail, or a page not observed in this scope.",No real document generated,No personal data submitted,Do not generalize evidence across the three sites or infer transaction protection,PM/UX/ENG/SUP/BUY plus specialist,Inference limited to ExportHub evidence only,"The capability requires authentication, transaction evidence, policy detail, or a page not observed in this scope.",Inspect current official ExportHub help/policy or authorized account flow without real transaction.,"Preserve site identity, confidence, state, regional scope and unknowns",,,,,,,,,,,
exporthub,exporthub:D43.1,D43,D41-D50 Fulfillment,incoterms,Are Incoterms structured in product/order UI?,observed-not-found,No sufficient public guest evidence was found for this ExportHub dimension.,https://www.exporthub.com/,direct-public-page,2026-08-24,Amsterdam/NL sandbox; guest mode,"guest; no account, RFQ, message, order or payment",medium,buyer/seller/platform as applicable,dimension-specific intent,No sufficient public guest evidence was found for this ExportHub dimension.,https://www.exporthub.com/,Incoterms,incoterms.evaluated,public -> observed-not-found,"The capability requires authentication, transaction evidence, policy detail, or a page not observed in this scope.",No real document generated,No personal data submitted,Do not generalize evidence across the three sites or infer transaction protection,PM/UX/ENG/SUP/BUY plus specialist,Inference limited to ExportHub evidence only,"The capability requires authentication, transaction evidence, policy detail, or a page not observed in this scope.",Inspect current official ExportHub help/policy or authorized account flow without real transaction.,"Preserve site identity, confidence, state, regional scope and unknowns",,,,,,,,,,,
exporthub,exporthub:D44.1,D44,D41-D50 Fulfillment,trade_documents,"Are invoice, packing list, COO or bill-of-lading workflows shown?",observed-not-found,No sufficient public guest evidence was found for this ExportHub dimension.,https://www.exporthub.com/,direct-public-page,2026-08-24,Amsterdam/NL sandbox; guest mode,"guest; no account, RFQ, message, order or payment",medium,buyer/seller/platform as applicable,dimension-specific intent,No sufficient public guest evidence was found for this ExportHub dimension.,https://www.exporthub.com/,Trade Documents,trade_documents.evaluated,public -> observed-not-found,"The capability requires authentication, transaction evidence, policy detail, or a page not observed in this scope.",No real document generated,No personal data submitted,Do not generalize evidence across the three sites or infer transaction protection,PM/UX/ENG/SUP/BUY plus specialist,Inference limited to ExportHub evidence only,"The capability requires authentication, transaction evidence, policy detail, or a page not observed in this scope.",Inspect current official ExportHub help/policy or authorized account flow without real transaction.,"Preserve site identity, confidence, state, regional scope and unknowns",,,,,,,,,,,
exporthub,exporthub:D45.1,D45,D41-D50 Fulfillment,shipment_tracking,Is platform shipment tracking evidenced?,observed-not-found,No sufficient public guest evidence was found for this ExportHub dimension.,https://www.exporthub.com/,direct-public-page,2026-08-24,Amsterdam/NL sandbox; guest mode,"guest; no account, RFQ, message, order or payment",medium,buyer/seller/platform as applicable,dimension-specific intent,No sufficient public guest evidence was found for this ExportHub dimension.,https://www.exporthub.com/,Shipment Tracking,shipment_tracking.evaluated,public -> observed-not-found,"The capability requires authentication, transaction evidence, policy detail, or a page not observed in this scope.",No real document generated,No personal data submitted,Do not generalize evidence across the three sites or infer transaction protection,PM/UX/ENG/SUP/BUY plus specialist,Inference limited to ExportHub evidence only,"The capability requires authentication, transaction evidence, policy detail, or a page not observed in this scope.",Inspect current official ExportHub help/policy or authorized account flow without real transaction.,"Preserve site identity, confidence, state, regional scope and unknowns",,,,,,,,,,,
exporthub,exporthub:D46.1,D46,D41-D50 Fulfillment,inspection,Is transactional inspection ordering evidenced?,observed-not-found,No sufficient public guest evidence was found for this ExportHub dimension.,https://www.exporthub.com/,direct-public-page,2026-08-24,Amsterdam/NL sandbox; guest mode,"guest; no account, RFQ, message, order or payment",medium,buyer/seller/platform as applicable,dimension-specific intent,No sufficient public guest evidence was found for this ExportHub dimension.,https://www.exporthub.com/,Inspection,inspection.evaluated,public -> observed-not-found,"The capability requires authentication, transaction evidence, policy detail, or a page not observed in this scope.",No real document generated,No personal data submitted,Do not generalize evidence across the three sites or infer transaction protection,PM/UX/ENG/SUP/BUY plus specialist,Inference limited to ExportHub evidence only,"The capability requires authentication, transaction evidence, policy detail, or a page not observed in this scope.",Inspect current official ExportHub help/policy or authorized account flow without real transaction.,"Preserve site identity, confidence, state, regional scope and unknowns",,,,,,,,,,,
exporthub,exporthub:D47.1,D47,D41-D50 Fulfillment,delivery_confirmation,Is buyer delivery acceptance evidenced?,observed-not-found,No sufficient public guest evidence was found for this ExportHub dimension.,https://www.exporthub.com/,direct-public-page,2026-08-24,Amsterdam/NL sandbox; guest mode,"guest; no account, RFQ, message, order or payment",medium,buyer/seller/platform as applicable,dimension-specific intent,No sufficient public guest evidence was found for this ExportHub dimension.,https://www.exporthub.com/,Delivery Confirmation,delivery_confirmation.evaluated,public -> observed-not-found,"The capability requires authentication, transaction evidence, policy detail, or a page not observed in this scope.",No real document generated,No personal data submitted,Do not generalize evidence across the three sites or infer transaction protection,PM/UX/ENG/SUP/BUY plus specialist,Inference limited to ExportHub evidence only,"The capability requires authentication, transaction evidence, policy detail, or a page not observed in this scope.",Inspect current official ExportHub help/policy or authorized account flow without real transaction.,"Preserve site identity, confidence, state, regional scope and unknowns",,,,,,,,,,,
exporthub,exporthub:D48.1,D48,D41-D50 Fulfillment,returns_refunds,Are return/refund terms captured?,observed-not-found,No sufficient public guest evidence was found for this ExportHub dimension.,https://www.exporthub.com/,direct-public-page,2026-08-24,Amsterdam/NL sandbox; guest mode,"guest; no account, RFQ, message, order or payment",medium,buyer/seller/platform as applicable,dimension-specific intent,No sufficient public guest evidence was found for this ExportHub dimension.,https://www.exporthub.com/,Returns Refunds,returns_refunds.evaluated,public -> observed-not-found,"The capability requires authentication, transaction evidence, policy detail, or a page not observed in this scope.",No real document generated,No personal data submitted,Do not generalize evidence across the three sites or infer transaction protection,PM/UX/ENG/SUP/BUY plus specialist,Inference limited to ExportHub evidence only,"The capability requires authentication, transaction evidence, policy detail, or a page not observed in this scope.",Inspect current official ExportHub help/policy or authorized account flow without real transaction.,"Preserve site identity, confidence, state, regional scope and unknowns",,,,,,,,,,,
exporthub,exporthub:D49.1,D49,D41-D50 Fulfillment,claims,Where can post-payment issues be raised?,observed-not-found,No sufficient public guest evidence was found for this ExportHub dimension.,https://www.exporthub.com/,direct-public-page,2026-08-24,Amsterdam/NL sandbox; guest mode,"guest; no account, RFQ, message, order or payment",medium,buyer/seller/platform as applicable,dimension-specific intent,No sufficient public guest evidence was found for this ExportHub dimension.,https://www.exporthub.com/,Claims,claims.evaluated,public -> observed-not-found,"The capability requires authentication, transaction evidence, policy detail, or a page not observed in this scope.",No real document generated,No personal data submitted,Do not generalize evidence across the three sites or infer transaction protection,PM/UX/ENG/SUP/BUY plus specialist,Inference limited to ExportHub evidence only,"The capability requires authentication, transaction evidence, policy detail, or a page not observed in this scope.",Inspect current official ExportHub help/policy or authorized account flow without real transaction.,"Preserve site identity, confidence, state, regional scope and unknowns",,,,,,,,,,,
exporthub,exporthub:D50.1,D50,D41-D50 Fulfillment,dispute_resolution,Is dispute resolution native or external?,observed-not-found,No sufficient public guest evidence was found for this ExportHub dimension.,https://www.exporthub.com/,direct-public-page,2026-08-24,Amsterdam/NL sandbox; guest mode,"guest; no account, RFQ, message, order or payment",medium,buyer/seller/platform as applicable,dimension-specific intent,No sufficient public guest evidence was found for this ExportHub dimension.,https://www.exporthub.com/,Dispute Resolution,dispute_resolution.evaluated,public -> observed-not-found,"The capability requires authentication, transaction evidence, policy detail, or a page not observed in this scope.",No real document generated,No personal data submitted,Do not generalize evidence across the three sites or infer transaction protection,PM/UX/ENG/SUP/BUY plus specialist,Inference limited to ExportHub evidence only,"The capability requires authentication, transaction evidence, policy detail, or a page not observed in this scope.",Inspect current official ExportHub help/policy or authorized account flow without real transaction.,"Preserve site identity, confidence, state, regional scope and unknowns",,,,,,,,,,,
exporthub,exporthub:D51.1,D51,D51-D60 Trust,supplier_verification,How is supplier/certificate verification evidenced?,observed,ExportHub publishes supplier verification or premium trust programs; scope is platform-specific and not generalized.,https://www.exporthub.com/,direct-public-page,2026-08-24,Amsterdam/NL sandbox; guest mode,"guest; no account, RFQ, message, order or payment",high,buyer/seller/platform as applicable,dimension-specific intent,ExportHub publishes supplier verification or premium trust programs; scope is platform-specific and not generalized.,https://www.exporthub.com/,Supplier Verification,supplier_verification.evaluated,public -> recorded,Authenticated and transaction edge cases not executed,No real document generated,No personal data submitted,Do not generalize evidence across the three sites or infer transaction protection,PM/UX/ENG/SUP/BUY plus specialist,Inference limited to ExportHub evidence only,,,"Preserve site identity, confidence, state, regional scope and unknowns",,,,,,,,,,,
exporthub,exporthub:D52.1,D52,D51-D60 Trust,buyer_verification,What buyer KYB/verification badge exists?,observed-not-found,No sufficient public guest evidence was found for this ExportHub dimension.,https://www.exporthub.com/,direct-public-page,2026-08-24,Amsterdam/NL sandbox; guest mode,"guest; no account, RFQ, message, order or payment",medium,buyer/seller/platform as applicable,dimension-specific intent,No sufficient public guest evidence was found for this ExportHub dimension.,https://www.exporthub.com/,Buyer Verification,buyer_verification.evaluated,public -> observed-not-found,"The capability requires authentication, transaction evidence, policy detail, or a page not observed in this scope.",No real document generated,No personal data submitted,Do not generalize evidence across the three sites or infer transaction protection,PM/UX/ENG/SUP/BUY plus specialist,Inference limited to ExportHub evidence only,"The capability requires authentication, transaction evidence, policy detail, or a page not observed in this scope.",Inspect current official ExportHub help/policy or authorized account flow without real transaction.,"Preserve site identity, confidence, state, regional scope and unknowns",,,,,,,,,,,
exporthub,exporthub:D53.1,D53,D51-D60 Trust,badges_certifications,Where are trust marks shown?,observed,Public ExportHub evidence supports this directory/lead/policy capability at a high level; transaction execution was not observed.,https://www.exporthub.com/,direct-public-page,2026-08-24,Amsterdam/NL sandbox; guest mode,"guest; no account, RFQ, message, order or payment",medium,buyer/seller/platform as applicable,dimension-specific intent,Public ExportHub evidence supports this directory/lead/policy capability at a high level; transaction execution was not observed.,https://www.exporthub.com/,Badges Certifications,badges_certifications.evaluated,public -> recorded,Authenticated and transaction edge cases not executed,No real document generated,No personal data submitted,Do not generalize evidence across the three sites or infer transaction protection,PM/UX/ENG/SUP/BUY plus specialist,Inference limited to ExportHub evidence only,,,"Preserve site identity, confidence, state, regional scope and unknowns",,,,,,,,,,,
exporthub,exporthub:D54.1,D54,D51-D60 Trust,ratings_reviews,Are buyer ratings/reviews visible?,observed-not-found,No sufficient public guest evidence was found for this ExportHub dimension.,https://www.exporthub.com/,direct-public-page,2026-08-24,Amsterdam/NL sandbox; guest mode,"guest; no account, RFQ, message, order or payment",medium,buyer/seller/platform as applicable,dimension-specific intent,No sufficient public guest evidence was found for this ExportHub dimension.,https://www.exporthub.com/,Ratings Reviews,ratings_reviews.evaluated,public -> observed-not-found,"The capability requires authentication, transaction evidence, policy detail, or a page not observed in this scope.",No real document generated,No personal data submitted,Do not generalize evidence across the three sites or infer transaction protection,PM/UX/ENG/SUP/BUY plus specialist,Inference limited to ExportHub evidence only,"The capability requires authentication, transaction evidence, policy detail, or a page not observed in this scope.",Inspect current official ExportHub help/policy or authorized account flow without real transaction.,"Preserve site identity, confidence, state, regional scope and unknowns",,,,,,,,,,,
exporthub,exporthub:D55.1,D55,D51-D60 Trust,fraud_reporting,Is a dedicated fraud/report action visible?,observed-not-found,No sufficient public guest evidence was found for this ExportHub dimension.,https://www.exporthub.com/,direct-public-page,2026-08-24,Amsterdam/NL sandbox; guest mode,"guest; no account, RFQ, message, order or payment",medium,buyer/seller/platform as applicable,dimension-specific intent,No sufficient public guest evidence was found for this ExportHub dimension.,https://www.exporthub.com/,Fraud Reporting,fraud_reporting.evaluated,public -> observed-not-found,"The capability requires authentication, transaction evidence, policy detail, or a page not observed in this scope.",No real document generated,No personal data submitted,Do not generalize evidence across the three sites or infer transaction protection,PM/UX/ENG/SUP/BUY plus specialist,Inference limited to ExportHub evidence only,"The capability requires authentication, transaction evidence, policy detail, or a page not observed in this scope.",Inspect current official ExportHub help/policy or authorized account flow without real transaction.,"Preserve site identity, confidence, state, regional scope and unknowns",,,,,,,,,,,
exporthub,exporthub:D56.1,D56,D51-D60 Trust,moderation,Are prohibited conduct and enforcement rights documented?,observed-not-found,No sufficient public guest evidence was found for this ExportHub dimension.,https://www.exporthub.com/,direct-public-page,2026-08-24,Amsterdam/NL sandbox; guest mode,"guest; no account, RFQ, message, order or payment",medium,buyer/seller/platform as applicable,dimension-specific intent,No sufficient public guest evidence was found for this ExportHub dimension.,https://www.exporthub.com/,Moderation,moderation.evaluated,public -> observed-not-found,"The capability requires authentication, transaction evidence, policy detail, or a page not observed in this scope.",No real document generated,No personal data submitted,Do not generalize evidence across the three sites or infer transaction protection,PM/UX/ENG/SUP/BUY plus specialist,Inference limited to ExportHub evidence only,"The capability requires authentication, transaction evidence, policy detail, or a page not observed in this scope.",Inspect current official ExportHub help/policy or authorized account flow without real transaction.,"Preserve site identity, confidence, state, regional scope and unknowns",,,,,,,,,,,
exporthub,exporthub:D57.1,D57,D51-D60 Trust,customer_support,Is support accessible?,observed,Public ExportHub evidence supports this directory/lead/policy capability at a high level; transaction execution was not observed.,https://www.exporthub.com/,direct-public-page,2026-08-24,Amsterdam/NL sandbox; guest mode,"guest; no account, RFQ, message, order or payment",medium,buyer/seller/platform as applicable,dimension-specific intent,Public ExportHub evidence supports this directory/lead/policy capability at a high level; transaction execution was not observed.,https://www.exporthub.com/,Customer Support,customer_support.evaluated,public -> recorded,Authenticated and transaction edge cases not executed,No real document generated,No personal data submitted,Do not generalize evidence across the three sites or infer transaction protection,PM/UX/ENG/SUP/BUY plus specialist,Inference limited to ExportHub evidence only,,,"Preserve site identity, confidence, state, regional scope and unknowns",,,,,,,,,,,
exporthub,exporthub:D58.1,D58,D51-D60 Trust,support_sla,Are response/resolution SLAs published?,observed-not-found,No sufficient public guest evidence was found for this ExportHub dimension.,https://www.exporthub.com/,direct-public-page,2026-08-24,Amsterdam/NL sandbox; guest mode,"guest; no account, RFQ, message, order or payment",medium,buyer/seller/platform as applicable,dimension-specific intent,No sufficient public guest evidence was found for this ExportHub dimension.,https://www.exporthub.com/,Support Sla,support_sla.evaluated,public -> observed-not-found,"The capability requires authentication, transaction evidence, policy detail, or a page not observed in this scope.",No real document generated,No personal data submitted,Do not generalize evidence across the three sites or infer transaction protection,PM/UX/ENG/SUP/BUY plus specialist,Inference limited to ExportHub evidence only,"The capability requires authentication, transaction evidence, policy detail, or a page not observed in this scope.",Inspect current official ExportHub help/policy or authorized account flow without real transaction.,"Preserve site identity, confidence, state, regional scope and unknowns",,,,,,,,,,,
exporthub,exporthub:D59.1,D59,D51-D60 Trust,trust_education,Does platform educate buyers about verification?,observed,Public ExportHub evidence supports this directory/lead/policy capability at a high level; transaction execution was not observed.,https://www.exporthub.com/,direct-public-page,2026-08-24,Amsterdam/NL sandbox; guest mode,"guest; no account, RFQ, message, order or payment",medium,buyer/seller/platform as applicable,dimension-specific intent,Public ExportHub evidence supports this directory/lead/policy capability at a high level; transaction execution was not observed.,https://www.exporthub.com/,Trust Education,trust_education.evaluated,public -> recorded,Authenticated and transaction edge cases not executed,No real document generated,No personal data submitted,Do not generalize evidence across the three sites or infer transaction protection,PM/UX/ENG/SUP/BUY plus specialist,Inference limited to ExportHub evidence only,,,"Preserve site identity, confidence, state, regional scope and unknowns",,,,,,,,,,,
exporthub,exporthub:D60.1,D60,D51-D60 Trust,enforcement_account_controls,Are account/content controls documented?,observed,Public ExportHub evidence supports this directory/lead/policy capability at a high level; transaction execution was not observed.,https://www.exporthub.com/,direct-public-page,2026-08-24,Amsterdam/NL sandbox; guest mode,"guest; no account, RFQ, message, order or payment",medium,buyer/seller/platform as applicable,dimension-specific intent,Public ExportHub evidence supports this directory/lead/policy capability at a high level; transaction execution was not observed.,https://www.exporthub.com/,Enforcement Account Controls,enforcement_account_controls.evaluated,public -> recorded,Authenticated and transaction edge cases not executed,No real document generated,No personal data submitted,Do not generalize evidence across the three sites or infer transaction protection,PM/UX/ENG/SUP/BUY plus specialist,Inference limited to ExportHub evidence only,,,"Preserve site identity, confidence, state, regional scope and unknowns",,,,,,,,,,,
exporthub,exporthub:D61.1,D61,D61-D68 Technical,language_localization,Which language/localization capabilities are visible?,observed,Public ExportHub evidence supports this directory/lead/policy capability at a high level; transaction execution was not observed.,https://www.exporthub.com/,direct-public-page,2026-08-24,Amsterdam/NL sandbox; guest mode,"guest; no account, RFQ, message, order or payment",medium,buyer/seller/platform as applicable,dimension-specific intent,Public ExportHub evidence supports this directory/lead/policy capability at a high level; transaction execution was not observed.,https://www.exporthub.com/,Language Localization,language_localization.evaluated,public -> recorded,Authenticated and transaction edge cases not executed,No real document generated,No personal data submitted,Do not generalize evidence across the three sites or infer transaction protection,PM/UX/ENG/SUP/BUY plus specialist,Inference limited to ExportHub evidence only,,,"Preserve site identity, confidence, state, regional scope and unknowns",,,,,,,,,,,
exporthub,exporthub:D62.1,D62,D61-D68 Technical,currency,Which currencies are displayed?,observed,Public ExportHub evidence supports this directory/lead/policy capability at a high level; transaction execution was not observed.,https://www.exporthub.com/,direct-public-page,2026-08-24,Amsterdam/NL sandbox; guest mode,"guest; no account, RFQ, message, order or payment",medium,buyer/seller/platform as applicable,dimension-specific intent,Public ExportHub evidence supports this directory/lead/policy capability at a high level; transaction execution was not observed.,https://www.exporthub.com/,Currency,currency.evaluated,public -> recorded,Authenticated and transaction edge cases not executed,No real document generated,No personal data submitted,Do not generalize evidence across the three sites or infer transaction protection,PM/UX/ENG/SUP/BUY plus specialist,Inference limited to ExportHub evidence only,,,"Preserve site identity, confidence, state, regional scope and unknowns",,,,,,,,,,,
exporthub,exporthub:D63.1,D63,D61-D68 Technical,country_region,How is region represented?,observed,Public ExportHub evidence supports this directory/lead/policy capability at a high level; transaction execution was not observed.,https://www.exporthub.com/,direct-public-page,2026-08-24,Amsterdam/NL sandbox; guest mode,"guest; no account, RFQ, message, order or payment",medium,buyer/seller/platform as applicable,dimension-specific intent,Public ExportHub evidence supports this directory/lead/policy capability at a high level; transaction execution was not observed.,https://www.exporthub.com/,Country Region,country_region.evaluated,public -> recorded,Authenticated and transaction edge cases not executed,No real document generated,No personal data submitted,Do not generalize evidence across the three sites or infer transaction protection,PM/UX/ENG/SUP/BUY plus specialist,Inference limited to ExportHub evidence only,,,"Preserve site identity, confidence, state, regional scope and unknowns",,,,,,,,,,,
exporthub,exporthub:D64.1,D64,D61-D68 Technical,seo_metadata,Are basic SEO signals visible?,observed,Public ExportHub evidence supports this directory/lead/policy capability at a high level; transaction execution was not observed.,https://www.exporthub.com/,direct-public-page,2026-08-24,Amsterdam/NL sandbox; guest mode,"guest; no account, RFQ, message, order or payment",medium,buyer/seller/platform as applicable,dimension-specific intent,Public ExportHub evidence supports this directory/lead/policy capability at a high level; transaction execution was not observed.,https://www.exporthub.com/,Seo Metadata,seo_metadata.evaluated,public -> recorded,Authenticated and transaction edge cases not executed,No real document generated,No personal data submitted,Do not generalize evidence across the three sites or infer transaction protection,PM/UX/ENG/SUP/BUY plus specialist,Inference limited to ExportHub evidence only,,,"Preserve site identity, confidence, state, regional scope and unknowns",,,,,,,,,,,
exporthub,exporthub:D65.1,D65,D61-D68 Technical,url_patterns,Are page-type URL patterns stable and descriptive?,observed,Public ExportHub evidence supports this directory/lead/policy capability at a high level; transaction execution was not observed.,https://www.exporthub.com/,direct-public-page,2026-08-24,Amsterdam/NL sandbox; guest mode,"guest; no account, RFQ, message, order or payment",medium,buyer/seller/platform as applicable,dimension-specific intent,Public ExportHub evidence supports this directory/lead/policy capability at a high level; transaction execution was not observed.,https://www.exporthub.com/,Url Patterns,url_patterns.evaluated,public -> recorded,Authenticated and transaction edge cases not executed,No real document generated,No personal data submitted,Do not generalize evidence across the three sites or infer transaction protection,PM/UX/ENG/SUP/BUY plus specialist,Inference limited to ExportHub evidence only,,,"Preserve site identity, confidence, state, regional scope and unknowns",,,,,,,,,,,
exporthub,exporthub:D66.1,D66,D61-D68 Technical,mobile_responsive,Is mobile behavior validated?,observed-not-found,No sufficient public guest evidence was found for this ExportHub dimension.,https://www.exporthub.com/,direct-public-page,2026-08-24,Amsterdam/NL sandbox; guest mode,"guest; no account, RFQ, message, order or payment",medium,buyer/seller/platform as applicable,dimension-specific intent,No sufficient public guest evidence was found for this ExportHub dimension.,https://www.exporthub.com/,Mobile Responsive,mobile_responsive.evaluated,public -> observed-not-found,"The capability requires authentication, transaction evidence, policy detail, or a page not observed in this scope.",No real document generated,No personal data submitted,Do not generalize evidence across the three sites or infer transaction protection,PM/UX/ENG/SUP/BUY plus specialist,Inference limited to ExportHub evidence only,"The capability requires authentication, transaction evidence, policy detail, or a page not observed in this scope.",Inspect current official ExportHub help/policy or authorized account flow without real transaction.,"Preserve site identity, confidence, state, regional scope and unknowns",,,,,,,,,,,
exporthub,exporthub:D67.1,D67,D61-D68 Technical,accessibility,Are WCAG/keyboard/screen-reader outcomes validated?,observed-not-found,No sufficient public guest evidence was found for this ExportHub dimension.,https://www.exporthub.com/,direct-public-page,2026-08-24,Amsterdam/NL sandbox; guest mode,"guest; no account, RFQ, message, order or payment",medium,buyer/seller/platform as applicable,dimension-specific intent,No sufficient public guest evidence was found for this ExportHub dimension.,https://www.exporthub.com/,Accessibility,accessibility.evaluated,public -> observed-not-found,"The capability requires authentication, transaction evidence, policy detail, or a page not observed in this scope.",No real document generated,No personal data submitted,Do not generalize evidence across the three sites or infer transaction protection,PM/UX/ENG/SUP/BUY plus specialist,Inference limited to ExportHub evidence only,"The capability requires authentication, transaction evidence, policy detail, or a page not observed in this scope.",Inspect current official ExportHub help/policy or authorized account flow without real transaction.,"Preserve site identity, confidence, state, regional scope and unknowns",,,,,,,,,,,
exporthub,exporthub:D68.1,D68,D61-D68 Technical,performance,Are load/performance metrics measured?,observed-not-found,No sufficient public guest evidence was found for this ExportHub dimension.,https://www.exporthub.com/,direct-public-page,2026-08-24,Amsterdam/NL sandbox; guest mode,"guest; no account, RFQ, message, order or payment",medium,buyer/seller/platform as applicable,dimension-specific intent,No sufficient public guest evidence was found for this ExportHub dimension.,https://www.exporthub.com/,Performance,performance.evaluated,public -> observed-not-found,"The capability requires authentication, transaction evidence, policy detail, or a page not observed in this scope.",No real document generated,No personal data submitted,Do not generalize evidence across the three sites or infer transaction protection,PM/UX/ENG/SUP/BUY plus specialist,Inference limited to ExportHub evidence only,"The capability requires authentication, transaction evidence, policy detail, or a page not observed in this scope.",Inspect current official ExportHub help/policy or authorized account flow without real transaction.,"Preserve site identity, confidence, state, regional scope and unknowns",,,,,,,,,,,
exporthub,exporthub:D69.1,D69,D69-D73 Commercial/policy,revenue_model,What monetization is publicly evidenced?,observed,"ExportHub uses premium membership, advertising or promoted visibility as public supplier-side commercial features.",https://www.exporthub.com/,direct-public-page,2026-08-24,Amsterdam/NL sandbox; guest mode,"guest; no account, RFQ, message, order or payment",medium,buyer/seller/platform as applicable,dimension-specific intent,"ExportHub uses premium membership, advertising or promoted visibility as public supplier-side commercial features.",https://www.exporthub.com/,Revenue Model,revenue_model.evaluated,public -> recorded,Authenticated and transaction edge cases not executed,No real document generated,No personal data submitted,Do not generalize evidence across the three sites or infer transaction protection,PM/UX/ENG/SUP/BUY plus specialist,Inference limited to ExportHub evidence only,,,"Preserve site identity, confidence, state, regional scope and unknowns",,,,,,,,,,,
exporthub,exporthub:D70.1,D70,D69-D73 Commercial/policy,advertising_promoted_listings,Are paid exposure products evidenced?,observed,"ExportHub uses premium membership, advertising or promoted visibility as public supplier-side commercial features.",https://www.exporthub.com/,direct-public-page,2026-08-24,Amsterdam/NL sandbox; guest mode,"guest; no account, RFQ, message, order or payment",medium,buyer/seller/platform as applicable,dimension-specific intent,"ExportHub uses premium membership, advertising or promoted visibility as public supplier-side commercial features.",https://www.exporthub.com/,Advertising Promoted Listings,advertising_promoted_listings.evaluated,public -> recorded,Authenticated and transaction edge cases not executed,No real document generated,No personal data submitted,Do not generalize evidence across the three sites or infer transaction protection,PM/UX/ENG/SUP/BUY plus specialist,Inference limited to ExportHub evidence only,,,"Preserve site identity, confidence, state, regional scope and unknowns",,,,,,,,,,,
exporthub,exporthub:D71.1,D71,D69-D73 Commercial/policy,promotions_merchandising,Are promotions/editorial merchandising visible?,observed,"ExportHub uses premium membership, advertising or promoted visibility as public supplier-side commercial features.",https://www.exporthub.com/,direct-public-page,2026-08-24,Amsterdam/NL sandbox; guest mode,"guest; no account, RFQ, message, order or payment",medium,buyer/seller/platform as applicable,dimension-specific intent,"ExportHub uses premium membership, advertising or promoted visibility as public supplier-side commercial features.",https://www.exporthub.com/,Promotions Merchandising,promotions_merchandising.evaluated,public -> recorded,Authenticated and transaction edge cases not executed,No real document generated,No personal data submitted,Do not generalize evidence across the three sites or infer transaction protection,PM/UX/ENG/SUP/BUY plus specialist,Inference limited to ExportHub evidence only,,,"Preserve site identity, confidence, state, regional scope and unknowns",,,,,,,,,,,
exporthub,exporthub:D72.1,D72,D69-D73 Commercial/policy,api_integrations,Are APIs or integrations evidenced?,observed-not-found,No sufficient public guest evidence was found for this ExportHub dimension.,https://www.exporthub.com/,direct-public-page,2026-08-24,Amsterdam/NL sandbox; guest mode,"guest; no account, RFQ, message, order or payment",medium,buyer/seller/platform as applicable,dimension-specific intent,No sufficient public guest evidence was found for this ExportHub dimension.,https://www.exporthub.com/,Api Integrations,api_integrations.evaluated,public -> observed-not-found,"The capability requires authentication, transaction evidence, policy detail, or a page not observed in this scope.",No real document generated,No personal data submitted,Do not generalize evidence across the three sites or infer transaction protection,PM/UX/ENG/SUP/BUY plus specialist,Inference limited to ExportHub evidence only,"The capability requires authentication, transaction evidence, policy detail, or a page not observed in this scope.",Inspect current official ExportHub help/policy or authorized account flow without real transaction.,"Preserve site identity, confidence, state, regional scope and unknowns",,,,,,,,,,,
exporthub,exporthub:D73.1,D73,D69-D73 Commercial/policy,data_content_policies,Which data/content policies apply?,observed,Public ExportHub evidence supports this directory/lead/policy capability at a high level; transaction execution was not observed.,https://www.exporthub.com/,direct-public-page,2026-08-24,Amsterdam/NL sandbox; guest mode,"guest; no account, RFQ, message, order or payment",medium,buyer/seller/platform as applicable,dimension-specific intent,Public ExportHub evidence supports this directory/lead/policy capability at a high level; transaction execution was not observed.,https://www.exporthub.com/,Data Content Policies,data_content_policies.evaluated,public -> recorded,Authenticated and transaction edge cases not executed,No real document generated,No personal data submitted,Do not generalize evidence across the three sites or infer transaction protection,PM/UX/ENG/SUP/BUY plus specialist,Inference limited to ExportHub evidence only,,,"Preserve site identity, confidence, state, regional scope and unknowns",,,,,,,,,,,
